movieCd,movieNm,movieNmEn,prdtYear,openDt,typeNm,prdtStatNm,nationAlt,genreAlt,repNationNm,repGenreNm
20204271,행복의 나라,Land of Happiness,2024,20240814,장편,개봉예정,한국,드라마,한국,드라마
20249188,에이리언: 로물루스,Alien: Romulus,2024,20240814,장편,개봉예정,미국,"공포(호러),SF",미국,공포(호러)
20241924,극장총집편 봇치 더 록! 전편,BOCCHI THE ROCK! Movie Part 1,2024,20240807,장편,개봉예정,일본,애니메이션,일본,애니메이션
20243310,박정희: 경제대국을 꿈꾼 남자 특별판,,2024,20240814,장편,개봉예정,한국,"공연,뮤지컬,드라마",한국,공연
20242344,신비아파트 특별편: 붉은 눈의 사신,Shinbi's Haunted House Special: The Red-Eyed Grim Reaper ,2023,20240814,장편,개봉예정,한국,"애니메이션,어드벤처,판타지",한국,애니메이션
20247781,데드풀과 울버린,DEADPOOL & WOLVERINE,2024,20240724,장편,개봉,미국,"액션,코미디,SF",미국,액션
20241098,극장판 블루 록 -에피소드 나기-,Blue Lock The Movie -Episode Nagi-,2024,20240821,장편,개봉예정,일본,애니메이션,일본,애니메이션
20249554,스픽 노 이블,Speak No Evil,2024,20240911,장편,개봉예정,미국,"스릴러,공포(호러)",미국,스릴러
20240516,풍기,Punggi,2023,20240828,장편,개봉예정,한국,코미디,한국,코미디
20241708,물은 바다를 향해 흐른다,The Water Flows to the Sea,2023,20240807,장편,개봉예정,일본,드라마,일본,드라마
20242021,쥬라기캅스 극장판: 전설의 고대생물을 찾아라,,2024,20240815,장편,개봉예정,한국,애니메이션,한국,애니메이션
20242836,극장판 : 기븐_히이라기 믹스,Movie Given Hiiragi Mix.,2024,20240828,장편,개봉예정,일본,애니메이션,일본,애니메이션
20225969,늘봄가든,SPRING GARDEN,2024,20240821,장편,개봉예정,한국,"공포(호러),스릴러",한국,공포(호러)
20233038,리볼버,Revolver,2023,20240807,장편,개봉예정,한국,범죄,한국,범죄
20247703,바리데기,BARIDEGI: The abandoned girl,2024,20240904,장편,개봉예정,한국,"공포(호러),미스터리",한국,공포(호러)
20233271,땅에 쓰는 시,Poetry on Land,2024,20240417,장편,개봉,한국,다큐멘터리,한국,다큐멘터리
20242243,죽고 싶지만 사랑은 하고 싶어,Sometimes I Think About Dying,2023,20240904,장편,개봉예정,미국,"드라마,멜로/로맨스",미국,드라마
20236400,조선인 여공의 노래,A Song of Korean Factory Girls,2024,20240807,장편,개봉예정,한국,다큐멘터리,한국,다큐멘터리
20242541,룩백,Look Back,2024,20240905,장편,개봉예정,일본,애니메이션,일본,애니메이션
20242911,마야,MADA,2024,20240816,장편,개봉예정,베트남,공포(호러),베트남,공포(호러)
20240669,비틀쥬스 비틀쥬스,Beetlejuice Beetlejuice,2024,20240904,장편,개봉예정,미국,"코미디,판타지,공포(호러)",미국,코미디
20239670,베테랑2,"I, THE EXECUTIONER",2024,20240913,장편,개봉예정,한국,"액션,범죄",한국,액션
20231042,빅토리,Victory,2024,20240814,장편,개봉예정,한국,드라마,한국,드라마
20224666,파일럿,Pilot,2023,20240731,장편,개봉,한국,코미디,한국,코미디
20242403,스트레인저스: 챕터1,The Strangers: Chapter 1,2024,20240828,장편,개봉예정,미국,공포(호러),미국,공포(호러)
20233234,문경,Mungyeong: More than Roads,2024,20240828,장편,개봉예정,한국,드라마,한국,드라마
20241337,트위스터스,Twisters,2024,20240814,장편,개봉예정,미국,"액션,어드벤처,드라마",미국,액션
20242245,디베르티멘토,Divertimento,2022,20240807,장편,개봉예정,프랑스,드라마,프랑스,드라마
20242237,52헤르츠 고래들,52-Hertz Whales,2024,20240904,장편,개봉예정,일본,드라마,일본,드라마
20240104,이매지너리 ,IMAGINARY,2024,20240828,장편,개봉예정,미국,"공포(호러),미스터리,스릴러",미국,공포(호러)
20235819,샤인,Shine,2023,20240731,장편,개봉,한국,"드라마,가족",한국,드라마
20232139,보통의 우주는 찬란함을 꿈꾸는가? ,Stars in the Ordinary Universe,2023,20240626,장편,개봉,한국,코미디,한국,코미디
20241991,키시베 로한 루브르에 가다,Rohan at the Louvre,2023,20240801,장편,개봉,일본,"미스터리,판타지",일본,미스터리
20242006,옆집 남자에게 빠진 유부녀,,2024,20240801,장편,개봉,한국,성인물(에로),한국,성인물(에로)
20241994,나를 미치게 하는 육덕녀,,2024,20240801,장편,개봉,한국,성인물(에로),한국,성인물(에로)
20212932,탈주,Escape,2024,20240703,장편,개봉,한국,액션,한국,액션
20231404,러브 달바,Love According to Dalva,2022,20240814,장편,개봉예정,프랑스,드라마,프랑스,드라마
20249356,공드리의 솔루션북,The Book of Solution,2023,20240814,장편,개봉예정,프랑스,"코미디,드라마",프랑스,코미디
20242421,프로이트의 라스트 세션,FREUD’S LAST SESSION,2023,20240821,장편,개봉예정,미국,드라마,미국,드라마
20242098,헬로카봇 올스타 스페셜,Hello Carbot Allstar Special,2024,20240731,장편,개봉,한국,애니메이션,한국,애니메이션
20242027,하이퍼포커스 : 투모로우바이투게더 브이알 콘서트,HYPERFOCUS : TOMORROW X TOGETHER VR CONCERT,2024,20240731,장편,개봉,미국,"공연,드라마",미국,공연
20242318,제프 쿤스. 그 은밀한 초상,Jeff Koons. A Private Portrait,2023,20240731,장편,개봉,이탈리아,다큐멘터리,이탈리아,다큐멘터리
20212336,수카바티: 극락축구단,FC Sukhavati,2023,20240731,장편,개봉,한국,다큐멘터리,한국,다큐멘터리
20241591,블랙핑크 월드투어 [본 핑크] 인 시네마,BLACKPINK WORLD TOUR [BORN PINK] IN CINEMAS,2024,20240731,장편,개봉,한국,공연,한국,공연
20229299,똥 싸는 소리,The Sound of Pooping,2022,20240731,장편,개봉,한국,드라마,한국,드라마
20158948,더 원더스,The Wonders,2014,20240731,장편,개봉,이탈리아,드라마,이탈리아,드라마
20241696,극장판 프리큐어 올스타즈 F,PreCure All Stars F,2023,20240731,장편,개봉,일본,애니메이션,일본,애니메이션
20242372,1년만에 열린 여친의 꽃잎,,,20240731,장편,개봉,한국,성인물(에로),한국,성인물(에로)
20241263,화끈하게 혼난 유부녀,,2023,20240731,장편,개봉,일본,멜로/로맨스,일본,멜로/로맨스
20249675,형수는 상담중,,2023,20240731,장편,개봉,일본,멜로/로맨스,일본,멜로/로맨스
20249680,제수씨의 넘치는 욕정,,2023,20240731,장편,개봉,일본,멜로/로맨스,일본,멜로/로맨스
20242313,잘느끼는설탕의야한신음소리-무삭제,,2024,20240731,장편,개봉,한국,성인물(에로),한국,성인물(에로)
20236570,어디에 넣을 것인가 무삭제판,,2023,20240731,장편,개봉,일본,멜로/로맨스,일본,멜로/로맨스
20247018,싫다며 넣는 유부녀,,2023,20240731,장편,개봉,일본,멜로/로맨스,일본,멜로/로맨스
20236153,서로 채운 성욕,,2023,20240731,장편,개봉,일본,멜로/로맨스,일본,멜로/로맨스
20236569,상사 아내의 손맛 무삭제판,,2023,20240731,장편,개봉,일본,멜로/로맨스,일본,멜로/로맨스
20249677,사육당하는 며느리,,2023,20240731,장편,개봉,일본,멜로/로맨스,일본,멜로/로맨스
20236656,밤에 가는 새엄마 침실,,2023,20240731,장편,개봉,일본,멜로/로맨스,일본,멜로/로맨스
20246975,돌아갈 수 없는 그녀,,2023,20240731,장편,개봉,일본,멜로/로맨스,일본,멜로/로맨스
20246963,녹아내리는 며느리,,2023,20240731,장편,개봉,일본,멜로/로맨스,일본,멜로/로맨스
20249679,넣어주길 원하는 며느리,,2023,20240731,장편,개봉,일본,멜로/로맨스,일본,멜로/로맨스
20247040,너무 하고 싶어 찾은 그녀,,2023,20240731,장편,개봉,일본,멜로/로맨스,일본,멜로/로맨스
20236654,내 입에 맞는 새엄마,,2023,20240731,장편,개봉,일본,멜로/로맨스,일본,멜로/로맨스
20236460,거절할 수 없는 며느리 무삭제판,,2023,20240731,장편,개봉,일본,멜로/로맨스,일본,멜로/로맨스
20242517,가정방문의 목적,,2024,20240730,장편,개봉,한국,성인물(에로),한국,성인물(에로)
20242051,제수씨랑 하룻밤은 괜찮아,MOUSOUDE,2023,20240726,장편,개봉,일본,"멜로/로맨스,드라마",일본,멜로/로맨스
20242063,남편보다 더 큰 의붓아들이 더 좋아,TUREKONI NURETAGIBO-03,2022,20240726,장편,개봉,일본,"멜로/로맨스,드라마",일본,멜로/로맨스
20229365,필사의 추격,The Desperate Chase,2024,20240821,장편,개봉예정,한국,"코미디,액션",한국,코미디
20242371,시아버지에게서 수컷향기가 난다,GIBUNITAKARETAWATASI-01,2023,20240730,장편,개봉,일본,"멜로/로맨스,드라마",일본,멜로/로맨스
20242370,새엄마의 구멍-돌아가신 아빠에게는 비밀이야,TANINO KAWANAGARE,2023,20240730,장편,개봉,일본,"멜로/로맨스,드라마",일본,멜로/로맨스
20240983,명탐정 코난: 100만 달러의 펜타그램,Detective Conan the Movie: The Million-dollar Pentagram,2024,20240717,장편,개봉,일본,애니메이션,일본,애니메이션
20242474,영화 xxx홀릭,xxxHOLiC,2022,20240816,장편,개봉예정,일본,"판타지,드라마,미스터리",일본,판타지
20240926,만천과해,The Invisible Guest,2023,20240703,장편,개봉,중국,"범죄,스릴러",중국,범죄
20247977,1923 간토대학살,1923 Kanto Genocide,2024,20240815,장편,개봉예정,한국,다큐멘터리,한국,다큐멘터리
20226545,한국이 싫어서,Because I Hate Korea,2023,20240828,장편,개봉예정,한국,드라마,한국,드라마
20242473,세븐틴 투어 ‘팔로우’ 어게인 투 시네마,SEVENTEEN TOUR ‘FOLLOW’ AGAIN TO CINEMAS,2024,20240814,장편,개봉예정,한국,공연,한국,공연
20235926,퍼펙트 데이즈,Perfect Days,2023,20240703,장편,개봉,일본,드라마,일본,드라마
20242731,2023 심규선 단독 콘서트 : 우리 앞의 세계,,2024,20240727,장편,개봉,한국,공연,한국,공연
20241998,흥건하게 젖은 글래머,,2024,20240726,장편,개봉,한국,성인물(에로),한국,성인물(에로)
20241999,유부남을 유혹하는 음란한 과부,,2024,20240726,장편,개봉,한국,성인물(에로),한국,성인물(에로)
20242476,거침없이 뒷치기,,2024,20240724,장편,개봉,한국,성인물(에로),한국,성인물(에로)
20241427,최악의 허니문,The Honeymoon,2022,20240723,장편,개봉,영국,"코미디,멜로/로맨스,액션",영국,코미디
20242382,공즉시색 3,,2024,20240722,장편,개봉,한국,"멜로/로맨스,코미디",한국,멜로/로맨스
20240517,정사 : 이모대신 제가,,2024,20240719,장편,개봉,한국,멜로/로맨스,한국,멜로/로맨스
20241521,섹스 동호회,,2024,20240719,장편,개봉,한국,멜로/로맨스,한국,멜로/로맨스
20241720,토끼는 어디로 갔나요?,Where is the Rabbit?,2024,20240717,장편,개봉,한국,공연,한국,공연
20241523,길들여진 새댁의 무릎사이 무삭제판,A Wife in Debt by Her Husband,2022,20240716,장편,개봉,일본,성인물(에로),일본,성인물(에로)
20240576,1942 배틀오버,Battle Over Britain,2023,20240715,장편,개봉,영국,전쟁,영국,전쟁
20242016,형수가 시동생 앞에서 팬티를 벗었다,TORIKONINATUHUTEI-01,2022,20240715,장편,개봉,일본,"멜로/로맨스,드라마",일본,멜로/로맨스
20242028,여보! 정자 받고 튀어,HARAMU-01,2023,20240715,장편,개봉,일본,"멜로/로맨스,드라마",일본,멜로/로맨스
20242015,내 아내가 죗값 대신 다른남자와 싸고 있습니다,ATARIYA,2023,20240715,장편,개봉,일본,"멜로/로맨스,드라마",일본,멜로/로맨스
20241981,여사친 남사친 섹스가능2,,2023,20240712,장편,개봉,일본,성인물(에로),일본,성인물(에로)
20241917,신주쿠에서 소악마 꼬시기2,,2023,20240712,장편,개봉,일본,성인물(에로),일본,성인물(에로)
20242005,형수님에게 발정 난 시동생,,2024,20240725,장편,개봉,한국,성인물(에로),한국,성인물(에로)
20242004,아저씨랑 섹스하고 싶어요,,2024,20240725,장편,개봉,한국,성인물(에로),한국,성인물(에로)
20241918,신도시 엄마들 파이널,,2024,20240723,장편,개봉,한국,성인물(에로),한국,성인물(에로)
20241109,블러디 이스케이프: 지옥의 도주극,BLOODY ESCAPE,2024,20240725,장편,개봉,일본,애니메이션,일본,애니메이션
20240482,매일밤 두번 섹파 여사장,,2024,20240705,장편,개봉,한국,성인물(에로),한국,성인물(에로)
20241450,강북 스와핑 동호회,,2024,20240703,장편,개봉,한국,성인물(에로),한국,성인물(에로)
20247440,슈퍼배드 4,Despicable Me 4,2024,20240724,장편,개봉,미국,"애니메이션,액션,어드벤처,코미디",미국,애니메이션
20233496,파편들의 집,A House Made of Splinters,2022,20240724,장편,개봉,"덴마크,핀란드,우크라이나,스웨덴",다큐멘터리,덴마크,다큐멘터리
20225866,진주의 진주,Jinju’s Pearl,2022,20240724,장편,개봉,한국,드라마,한국,드라마
20240319,지옥의 외인부대,THE LAST MAN,2023,20240724,장편,개봉,프랑스,"전쟁,액션",프랑스,전쟁
20242349,이준호 콘서트 : 다시 만나는 날,,2024,20240724,장편,개봉,한국,공연,한국,공연
20236233,엄마의 왕국,Mother's Kingdom,2023,20240724,장편,개봉,한국,"범죄,드라마,미스터리",한국,범죄
20242008,가출 유부녀와 양아치들,,2024,20240719,장편,개봉,한국,성인물(에로),한국,성인물(에로)
20249733,사랑의 하츄핑,Heartsping : Teenieping of Love,2024,20240807,장편,개봉예정,한국,애니메이션,한국,애니메이션
20241343,우마무스메 프리티 더비 새로운 시대의 문,Umamusume Pretty Derby Beginning of a New Era,2024,20240711,장편,개봉,일본,애니메이션,일본,애니메이션
20242424,핑크퐁 원더스타 특별편: 호기와 도둑자동차,,2023,20240718,장편,개봉,한국,애니메이션,한국,애니메이션
20242443,베베핀 플레이타임,,2024,20240720,장편,개봉,한국,애니메이션,한국,애니메이션
20241502,바다 탐험대 옥토넛 어보브 앤 비욘드 : 바다가 위험해,Octonauts: Above and Beyond – Season 2,2024,20240814,장편,개봉예정,영국,"애니메이션,액션,어드벤처",영국,애니메이션
20242010,이오 카피타노,IO CAPITANO,2023,20240807,장편,개봉예정,이탈리아,드라마,이탈리아,드라마
20242133,참젖 유부녀-감독님 손맛에 홍수터졌네,,2022,20240720,장편,개봉,일본,"성인물(에로),드라마,멜로/로맨스",일본,성인물(에로)
20242142,며느리 물대접-시아버지 몸보신 시켜줬다,,2023,20240720,장편,개봉,일본,"성인물(에로),드라마,멜로/로맨스",일본,성인물(에로)
20242117,동생 몰래 잔뜩 맛본 제부의 맛 무삭제판,,2022,20240720,장편,개봉,일본,"성인물(에로),드라마,멜로/로맨스",일본,성인물(에로)
20242134,첫경험은 새엄마랑 해야지,,2022,20240719,장편,개봉,일본,"성인물(에로),드라마,멜로/로맨스",일본,성인물(에로)
20241269,재벌집 여비서-고자아들을 부탁해,,2024,20240719,장편,개봉,한국,"성인물(에로),드라마,멜로/로맨스",한국,성인물(에로)
20242135,새엄마 물 맛-너무 맛있어요 새엄마,,2023,20240719,장편,개봉,일본,"성인물(에로),드라마,멜로/로맨스",일본,성인물(에로)
20241997,몸으로 위로해 달라는 여상사,,2024,20240719,장편,개봉,한국,성인물(에로),한국,성인물(에로)
20248880,그리고 바통은 넘겨졌다,And So The Baton Is Passed,2021,20240717,장편,개봉,일본,드라마,일본,드라마
20248465,하이재킹,Hijack 1971,2024,20240621,장편,개봉,한국,"범죄,액션",한국,범죄
20242116,젖은장모-사위 대물에 눈 뒤집히네,,2022,20240718,장편,개봉,일본,"성인물(에로),드라마,멜로/로맨스",일본,성인물(에로)
20242132,점장님 팬티 내릴게요 눈감아 주세요,,2022,20240718,장편,개봉,일본,"성인물(에로),드라마,멜로/로맨스",일본,성인물(에로)
20241993,젊은 남자의 몸에 빠진 여자들,,2024,20240718,장편,개봉,한국,성인물(에로),한국,성인물(에로)
20242131,옆집여자-남편 대신 시원하게 싸줬다,,2023,20240718,장편,개봉,일본,"성인물(에로),드라마,멜로/로맨스",일본,성인물(에로)
20242130,물 넘치는 섹파-방금 쌌는데 또 싸고싶어,,2023,20240718,장편,개봉,일본,"성인물(에로),드라마,멜로/로맨스",일본,성인물(에로)
20241992,대물 상사와 글래머 여직원,,2024,20240718,장편,개봉,한국,성인물(에로),한국,성인물(에로)
20241984,2023 영탁 단독 콘서트 : 탁쇼2,2023 YOUNGTAK CONCERT : TAK SHOW2,2024,20240718,장편,개봉,한국,공연,한국,공연
20236934,찬란한 내일로 ,A Brighter Tomorrow,2023,20240529,장편,개봉,"이탈리아,프랑스",드라마,이탈리아,드라마
20241002,이매큘레이트,Immaculate,2024,20240717,장편,개봉,미국,공포(호러),미국,공포(호러)
20240735,러브 라이즈 블리딩,Love Lies Bleeding,2023,20240710,장편,개봉,미국,"범죄,멜로/로맨스",미국,범죄
20242115,의붓여동생이 자꾸 보여달라고 합니다,,2023,20240717,장편,개봉,일본,"성인물(에로),드라마,멜로/로맨스",일본,성인물(에로)
20247654,사일런트 나잇,SILENT NIGHT,2023,20240717,장편,개봉,미국,"액션,범죄",미국,액션
20242125,사모님의 원금상환섹스-고금리 몸빵 대책,,2023,20240717,장편,개봉,일본,"성인물(에로),드라마,멜로/로맨스",일본,성인물(에로)
20235635,미래의 범죄들,Crimes of the Future,2021,20240717,장편,개봉,캐나다,"드라마,공포(호러),SF",캐나다,드라마
20241488,그랑블루 오리지날 리마스터링,LE GRAND BLEU,1988,20240717,장편,개봉,프랑스,드라마,프랑스,드라마
20242114,과부의 맛-나도 싸고싶어,,2022,20240717,장편,개봉,일본,"성인물(에로),드라마,멜로/로맨스",일본,성인물(에로)
20242129,1일 3싸-그녀가 자꾸 세운다,,2023,20240717,장편,개봉,일본,"성인물(에로),드라마,멜로/로맨스",일본,성인물(에로)
20233140,더 납작 엎드릴게요,"Will you please stop, please",2024,20240710,장편,개봉,한국,드라마,한국,드라마
20208911,탈출: 프로젝트 사일런스,PROJECT SILENCE,2024,20240712,장편,개봉,한국,스릴러,한국,스릴러
20208245,핸섬가이즈,Handsome Guys,2023,20240626,장편,개봉,한국,코미디,한국,코미디
20242122,크게 잘 세우는 아이리,,2023,20240716,장편,개봉,일본,"성인물(에로),드라마,멜로/로맨스",일본,성인물(에로)
20242110,육체 가정부-잘 닦고 잘 빤다,,2022,20240716,장편,개봉,일본,"성인물(에로),드라마,멜로/로맨스",일본,성인물(에로)
20241889,너무커서아파요흑인대물오빠-무삭제,,2024,20240716,장편,개봉,한국,성인물(에로),한국,성인물(에로)
20241094,굿바이 크루얼 월드,Goodbye Cruel World,2022,20240716,장편,개봉,일본,"액션,범죄",일본,액션
20242113,고객만족 오일마사지-마지막 한방울까지 뽑아준다,,2023,20240716,장편,개봉,일본,"성인물(에로),드라마,멜로/로맨스",일본,성인물(에로)
20242112,MZ가 아재와의 섹스를 좋아하는 이유,,2022,20240716,장편,개봉,일본,"성인물(에로),드라마,멜로/로맨스",일본,성인물(에로)
20240541,언더더씨: 마법 산호초를 찾아서,Shorty and The Legend of the enchanted reef,2023,20240627,장편,개봉,독일,애니메이션,독일,애니메이션
20249994,노무현과 바보들: 못다한 이야기,,2024,20240523,장편,개봉,한국,다큐멘터리,한국,다큐멘터리
20240781,플라이 미 투 더 문,Fly Me to the Moon,2024,20240712,장편,개봉,"미국,영국","멜로/로맨스,코미디",미국,멜로/로맨스
20241405,볼빨간사춘기: 메리 고 라운드 더 무비,BOL4: MERRY GO ROUND THE MOVIE,2024,20240712,장편,개봉,한국,공연,한국,공연
20241268,미안하다 사정했다,,2024,20240712,장편,개봉,한국,"성인물(에로),드라마,멜로/로맨스",한국,성인물(에로)
20241500,내 아내는 섹스 중독,,2024,20240712,장편,개봉,한국,"성인물(에로),드라마",한국,성인물(에로)
20234708,막걸리가 알려줄거야 ,FAQ,2024,20240228,장편,개봉,한국,"드라마,SF,코미디",한국,드라마
20240328,10 라이브즈,10 Lives,2024,20240815,장편,개봉예정,영국,애니메이션,영국,애니메이션
20240479,타로,Tarot,2024,20240614,장편,개봉,한국,"공포(호러),미스터리",한국,공포(호러)
20242079,피지컬 뷁 섹시 챌린지,,2024,20240711,장편,개봉,한국,성인물(에로),한국,성인물(에로)
20240761,빅샤크5: 80일간의 해저일주,Happy Little Submarine : Around the World in 80 Days,2023,20240711,장편,개봉,중국,애니메이션,중국,애니메이션
20241020,무르익은 몸의 유부녀,,2024,20240711,장편,개봉,한국,성인물(에로),한국,성인물(에로)
20241041,당신의 아내를 잠시 빌려 가겠습니다,,2024,20240711,장편,개봉,한국,성인물(에로),한국,성인물(에로)
20242002,이솝이야기,,2024,20240710,장편,개봉,한국,공연,한국,공연
20240984,박정희: 경제대국을 꿈꾼 남자,,2024,20240710,장편,개봉,한국,"공연,뮤지컬,드라마",한국,공연
20240850,극장판 도라에몽: 진구의 지구 교향곡,Doraemon: Nobita's Earth Symphony,2024,20240710,장편,개봉,일본,애니메이션,일본,애니메이션
20241867,2024 박은빈 팬 콘서트 <은빈노트 : 디바>,2024 PARK EUN BIN FAN CONCERT <EUNBIN NOTE: DIVA>,2024,20240710,장편,개봉,한국,공연,한국,공연
20235563,정직한 사람들,Honest People,2024,20240626,장편,개봉,한국,드라마,한국,드라마
20249355,프리실라,Priscilla,2023,20240619,장편,개봉,미국,"드라마,멜로/로맨스,뮤지컬",미국,드라마
20241362,흑인사위와 발정난 젊은장모,,2024,20240705,장편,개봉,한국,성인물(에로),한국,성인물(에로)
20241647,남편 부하직원들한테 단백질 받아 먹는 아내,SAKAURAMINAKADASI,2023,20240705,장편,개봉,일본,"멜로/로맨스,드라마",일본,멜로/로맨스
20241034,일단 이 누나랑 섹스하고 생각하자,,2024,20240704,장편,개봉,한국,성인물(에로),한국,성인물(에로)
20230956,세기말의 사랑,Ms. Apocalypse,2023,20240124,장편,개봉,한국,드라마,한국,드라마
20234622,북극백화점의 안내원,The Concierge,2023,20240619,장편,개봉,일본,애니메이션,일본,애니메이션
20241033,오늘 처음 본 야한 누나,,2024,20240704,장편,개봉,한국,성인물(에로),한국,성인물(에로)
20248222,기동전사 건담 시드 프리덤,Mobile Suit Gundam SEED FREEDOM,2024,20240403,장편,개봉,일본,애니메이션,일본,애니메이션
20241541,민요 첼로,,2024,20240703,장편,개봉,한국,공연,한국,공연
20241284,다큐 황은정 : 스마트폰이 뭐길래,SMARTPHONE MATTERS,2024,20240703,장편,개봉,한국,드라마,한국,드라마
20241047,극장판 폴 프린세스!!,POLE PRINCESS!! the Movie,2023,20240703,장편,개봉,일본,"애니메이션,드라마",일본,애니메이션
20247397,존 오브 인터레스트,The Zone of Interest,2023,20240605,장편,개봉,미국,드라마,미국,드라마
20247811,콰이어트 플레이스: 첫째 날,A Quiet Place: Day One,2024,20240626,장편,개봉,미국,스릴러,미국,스릴러
20249490,목화솜 피는 날,When We Bloom Again,2024,20240522,장편,개봉,한국,드라마,한국,드라마
20240412,마거리트의 정리,Marguerite’s Theorem,2023,20240627,장편,개봉,프랑스,드라마,프랑스,드라마
20231041,댓글부대,Troll Factory,2024,20240327,장편,개봉,한국,"범죄,드라마",한국,범죄
20240341,사다코 디엑스,Sadako DX,2022,20240701,장편,개봉,일본,공포(호러),일본,공포(호러)
20236468,연련(戀鍊),Yeonryeon,2023,20240327,장편,개봉,한국,"가족,드라마,사극",한국,가족
20241498,도토리,DOTORI,2024,20240627,장편,개봉,한국,드라마,한국,드라마
20233173,따뜻하고 따뜻하고 뜨겁고,Longing to see you,2022,20240601,장편,개봉,일본,멜로/로맨스,일본,멜로/로맨스
20241232,하숙집 아줌마의 헤픈 가랑이,,2024,20240628,장편,개봉,한국,성인물(에로),한국,성인물(에로)
20241045,탐욕에 빠진 욕정녀,,2024,20240628,장편,개봉,한국,성인물(에로),한국,성인물(에로)
20240196,이자카야 : 특별한 서비스,,2024,20240628,장편,개봉,한국,멜로/로맨스,한국,멜로/로맨스
20240903,의붓아들아 마구마구 찔러줘,TIJYORUOKASAN-04,2023,20240628,장편,개봉,일본,"멜로/로맨스,드라마",일본,멜로/로맨스
20241044,아줌마지만 안아 주세요,,2024,20240628,장편,개봉,한국,성인물(에로),한국,성인물(에로)
20240924,아줌마 이렇게 크면 직접 할 수 있겠어,BAISYUNHITODUMA,2023,20240628,장편,개봉,일본,"멜로/로맨스,드라마",일본,멜로/로맨스
20241243,기억상실증 각성시켜준 그놈 물건,,2024,20240628,장편,개봉,한국,성인물(에로),한국,성인물(에로)
20241504,배달녀의 목적,,2024,20240626,장편,개봉,한국,성인물(에로),한국,성인물(에로)
20235043,아낌없이 다 내주는 형수님 무삭제,,2023,20240625,장편,개봉,한국,성인물(에로),한국,성인물(에로)
20240742,돌싱녀들만 노리는 쓰레기 형제,,2024,20240625,장편,개봉,한국,성인물(에로),한국,성인물(에로)
20218453,아사다 가족,The Asadas,2020,20240622,장편,개봉,일본,드라마,일본,드라마
20247446,터져버린 성욕 무삭제판,お義母さん…女房よりもずっといいよ 사용제명(번역제명)	터져버린 성욕 무삭제판,2023,20240621,장편,개봉,일본,멜로/로맨스,일본,멜로/로맨스
20247720,쾌감에 젖은 새엄마 무삭제판,田舎の近親相姦　息子が母を犯す瞬間(二ノ宮慶子),2023,20240621,장편,개봉,일본,멜로/로맨스,일본,멜로/로맨스
20247256,젖은 속옷에 비친 유부녀 무삭제판,私、屋根裏に棲み着いた我が家の前オ ーナーに、犯され続けています,2023,20240621,장편,개봉,일본,멜로/로맨스,일본,멜로/로맨스
20240740,음란한 가랑이,,2023,20240621,장편,개봉,일본,멜로/로맨스,일본,멜로/로맨스
20240802,유부녀의 터진 성욕,,2023,20240621,장편,개봉,일본,멜로/로맨스,일본,멜로/로맨스
20247445,욕정에 젖은 맛 무삭제판,続・異常性交　五十路母と子其ノ弐拾伍,2023,20240621,장편,개봉,일본,멜로/로맨스,일본,멜로/로맨스
20248725,아내가 모른 비밀사정 무삭제판,,2023,20240621,장편,개봉,일본,멜로/로맨스,일본,멜로/로맨스
20240683,신선한 여대생과 즉석만남3,,,20240621,장편,개봉,일본,성인물(에로),일본,성인물(에로)
20248909,새엄마의 음란 위로,,2023,20240621,장편,개봉,일본,멜로/로맨스,일본,멜로/로맨스
20240483,비교적 괜찮은 유부녀들3,,2023,20240621,장편,개봉,일본,성인물(에로),일본,성인물(에로)
20114923,백만엔걸 스즈코,One Million Yen And The Nigamushi Woman,2008,20240621,장편,개봉,일본,"코미디,드라마",일본,코미디
20249293,밤에 젖는 며느리,,2023,20240621,장편,개봉,일본,멜로/로맨스,일본,멜로/로맨스
20240785,밀착한 아들의 여자,,2023,20240621,장편,개봉,일본,멜로/로맨스,일본,멜로/로맨스
20247721,무방비 욕정 무삭제판,続・異常性交　五十路母と子其ノ弐拾四,2023,20240621,장편,개봉,일본,멜로/로맨스,일본,멜로/로맨스
20248737,며느리의 그맛,,2023,20240621,장편,개봉,일본,멜로/로맨스,일본,멜로/로맨스
20249257,동정뺏은 새엄마,,2023,20240621,장편,개봉,일본,멜로/로맨스,일본,멜로/로맨스
20248919,도발하다 당한 새엄마,,2023,20240621,장편,개봉,"일본,한국",멜로/로맨스,일본,멜로/로맨스
20247257,굶주린 앞집 여자 무삭제판,向かいのオトコに覗かれ興奮する早濡 れ淫乱人妻,2023,20240621,장편,개봉,일본,멜로/로맨스,일본,멜로/로맨스
20240613,신입 여직원 온몸으로 신고식,,2024,20240619,장편,개봉,한국,성인물(에로),한국,성인물(에로)
20249595,엄청난 폭유녀 성욕 터진 날,Why The Wife Becomes A SEX Worker,2022,20240618,장편,개봉,일본,성인물(에로),일본,성인물(에로)
20240922,쉿! 임신하고 싶어서 올라탔어요,KANZENSYUKAN-02,2023,20240614,장편,개봉,일본,"멜로/로맨스,드라마",일본,멜로/로맨스
20240634,발랑까진 새엄마,,2024,20240612,장편,개봉,한국,성인물(에로),한국,성인물(에로)
20241066,대박나는 마사지샵의 영업비밀 3,,2024,20240612,장편,개봉,한국,성인물(에로),한국,성인물(에로)
20240891,손만 대도 터지는 봉선화 며느리,,2024,20240611,장편,개봉,한국,"성인물(에로),드라마",한국,성인물(에로)
20249890,이중노출,,2024,20240607,장편,개봉,한국,성인물(에로),한국,성인물(에로)
20249709,모녀덮밥 오마카세,,2024,20240607,장편,개봉,한국,성인물(에로),한국,성인물(에로)
20240633,밤마다 찾아오는 의붓딸,,2024,20240605,장편,개봉,한국,성인물(에로),한국,성인물(에로)
20233193,여행에서 찾은 사랑 로맨스 일탈,"Far away, Further away",2022,20240603,장편,개봉,일본,멜로/로맨스,일본,멜로/로맨스
20247822,사내커플 : 신음소리 가득한 사무실,,2024,20240602,장편,개봉,한국,멜로/로맨스,한국,멜로/로맨스
20249956,목중무인 : 안하무인,Eye for an Eye ,2022,20240627,장편,개봉,중국,"사극,액션",중국,사극
20241018,탱글탱글 맛있는 여후배,,2024,20240627,장편,개봉,한국,성인물(에로),한국,성인물(에로)
20236886,리틀 블루,LITTLE BLUE,2022,20240627,장편,개봉,대만,멜로/로맨스,대만,멜로/로맨스
20241019,공격적인 몸매의 옆집 아줌마,,2024,20240627,장편,개봉,한국,성인물(에로),한국,성인물(에로)
20241082,쿵쿵따 탐험대,,2023,20240626,장편,개봉,한국,기타,한국,기타
20241181,피렌체와 우피치 미술관,FLORENCE AND THE UFFIZI GALLERY,2015,20240626,장편,개봉,이탈리아,다큐멘터리,이탈리아,다큐멘터리
20180106,태풍 클럽,Typhoon Club,1985,20240626,장편,개봉,일본,기타,일본,기타
20241238,키키의 경계성 인격장애 다이어리,,2024,20240626,장편,개봉,한국,공연,한국,공연
20230842,우리와 상관없이,Regardless of Us,2023,20240626,장편,개봉,한국,드라마,한국,드라마
20235974,인사이드 아웃 2,Inside Out 2,2024,20240612,장편,개봉,미국,애니메이션,미국,애니메이션
20240769,감독판 김일성의 아이들,Director’s Cut: KIM IL SUNG’s Children,2024,20240625,장편,개봉,한국,다큐멘터리,한국,다큐멘터리
20249121,"안전제일, 놀이퀴즈 최강전",,2023,20240411,장편,개봉,한국,기타,한국,기타
20211062,판문점,PAN MUN JOM: The front line of ideology,2024,20240619,장편,개봉,한국,다큐멘터리,한국,다큐멘터리
20240553,몽키맨,Monkey Man,2024,20240619,장편,개봉,미국,"액션,스릴러",미국,액션
20241237,장모님 제발 한번만 빌려주세요,,2024,20240621,장편,개봉,한국,성인물(에로),한국,성인물(에로)
20241042,잘 모르는 남자의 맛,,2024,20240621,장편,개봉,한국,성인물(에로),한국,성인물(에로)
20241043,이기적인 유부녀의 성욕,,2024,20240621,장편,개봉,한국,성인물(에로),한국,성인물(에로)
20240750,어린 가사도우미,,2024,20240621,장편,개봉,한국,"성인물(에로),드라마,멜로/로맨스",한국,성인물(에로)
20241247,색녀가 돼서 돌아온 처제,,2024,20240621,장편,개봉,한국,성인물(에로),한국,성인물(에로)
20241231,물 많은 메이-남자 하나론 모자라,TAIKOBUTU,2023,20240621,장편,개봉,일본,"멜로/로맨스,드라마",일본,멜로/로맨스
20240677,내 남편을 세워줘!,,2024,20240621,장편,개봉,한국,"성인물(에로),드라마,멜로/로맨스",한국,성인물(에로)
20241230,낮엔 도련님이랑 밤엔 시아버지랑-여보 미안해,SINANKAO GIBO,2023,20240621,장편,개봉,일본,"멜로/로맨스,드라마",일본,멜로/로맨스
20241242,남편 몰래 옆집남자의 씨를 품었다,DANARINO DAGAKUSEI,2023,20240621,장편,개봉,일본,"멜로/로맨스,드라마",일본,멜로/로맨스
20218459,드라이브,Drive,2022,20240612,장편,개봉,한국,스릴러,한국,스릴러
20241017,불륜으로 힐링하는 유부녀,,2024,20240620,장편,개봉,한국,성인물(에로),한국,성인물(에로)
20225967,니자리,Nijari,2021,20240620,장편,개봉,한국,"공포(호러),코미디",한국,공포(호러)
20241016,남동생에게 남자의 몸을 배웠습니다,,2024,20240620,장편,개봉,한국,성인물(에로),한국,성인물(에로)
20223596,아주 오래된 미래도시,A Tale of Old Cities,2023,20240619,장편,개봉,한국,다큐멘터리,한국,다큐멘터리
20240397,김준수 콘서트 무비 챕터 원 : 레크리에이션,XIA 2024 ENCORE CONCERT Chapter 1 : Recreation,2024,20240605,장편,개봉,한국,공연,한국,공연
20240189,"1초 앞, 1초 뒤","One Second Ahead, One Second Behind",2023,20240619,장편,개봉,일본,"멜로/로맨스,판타지",일본,멜로/로맨스
20234413,프렌치 수프,The Taste of Things,2023,20240619,장편,개봉,프랑스,"멜로/로맨스,드라마",프랑스,멜로/로맨스
20249357,캣퍼슨,Cat Person,2023,20240619,장편,개봉,프랑스,"드라마,공포(호러),스릴러",프랑스,드라마
20225823,카브리올레,Cabriolet,2021,20240619,장편,개봉,한국,드라마,한국,드라마
20240261,이소룡-들,ENTER THE CLONES OF BRUCE,2023,20240619,장편,개봉,미국,다큐멘터리,미국,다큐멘터리
20241241,의붓아들 떡맛에 길들여진 새엄마,TUREKONI NURETAGIBO-01,2022,20240619,장편,개봉,일본,"멜로/로맨스,드라마",일본,멜로/로맨스
20241283,육체사죄-뒷문 열어준 이웃여자,,2023,20240619,장편,개봉,일본,"성인물(에로),드라마,멜로/로맨스",일본,성인물(에로)
20232998,대치동 스캔들,The Daechi Scandal,2024,20240619,장편,개봉,한국,"드라마,멜로/로맨스",한국,드라마
20240441,노 웨이 업,No Way Up,2024,20240619,장편,개봉,영국,"액션,스릴러",영국,액션
20241229,낯선 남자랑 싸버렸습니다,MATIGAETA TADAIMA,2023,20240619,장편,개봉,일본,"멜로/로맨스,드라마",일본,멜로/로맨스
20241061,치욕의 네토-거근에 중독된 아내,,2022,20240618,장편,개봉,일본,"성인물(에로),드라마,멜로/로맨스",일본,성인물(에로)
20241040,최면섹스-쑤셔달라며 애걸복걸,,2023,20240618,장편,개봉,일본,"성인물(에로),드라마,멜로/로맨스",일본,성인물(에로)
20241038,잠든 상사 옆에서 사모님과 싸버렸다,,2023,20240618,장편,개봉,일본,"성인물(에로),드라마,멜로/로맨스",일본,성인물(에로)
20241039,시아버지 맛에 축축해졌다,,2023,20240618,장편,개봉,일본,"성인물(에로),드라마,멜로/로맨스",일본,성인물(에로)
20248879,드림 시나리오,Dream Scenario,2023,20240529,장편,개봉,미국,"코미디,드라마",미국,코미디
20191143,원더랜드,WONDERLAND,2024,20240605,장편,개봉,한국,드라마,한국,드라마
20241035,초대남 맛에 성감터진 내 섹파,,2023,20240617,장편,개봉,일본,"성인물(에로),드라마,멜로/로맨스",일본,성인물(에로)
20241036,내 아내가 후배와 싸고 있다,,2023,20240617,장편,개봉,일본,"성인물(에로),드라마,멜로/로맨스",일본,성인물(에로)
20241037,남편 앞에서 날 세워준 사모님,,2023,20240617,장편,개봉,일본,"성인물(에로),드라마,멜로/로맨스",일본,성인물(에로)
20241051,구멍공유-구멍 잘 여는 새엄마,,2023,20240617,장편,개봉,일본,"성인물(에로),드라마,멜로/로맨스",일본,성인물(에로)
20240413,라파엘로. 예술의 군주,Raphael. The Lord of the Arts,2017,20240529,장편,개봉,이탈리아,다큐멘터리,이탈리아,다큐멘터리
20240310,거북의 등딱지는 갈비뼈,A Turtle’s Shell is a Human’s Ribs,2022,20240601,장편,개봉,일본,애니메이션,일본,애니메이션
20240411,뺑소니: 최고로 최악의 날,LEAVING THE SCENE,2019,20240616,장편,개봉,일본,"드라마,범죄",일본,드라마
20241048,제수씨 물은 어떤 맛일까,,2023,20240615,장편,개봉,일본,"성인물(에로),드라마,멜로/로맨스",일본,성인물(에로)
20241049,임신클리닉-남편 옆에서 임신시켜준다,,2023,20240615,장편,개봉,일본,"성인물(에로),드라마,멜로/로맨스",일본,성인물(에로)
20241050,여친 대여 서비스-원하면 그것까지 하구요,,2023,20240615,장편,개봉,일본,"성인물(에로),드라마,멜로/로맨스",일본,성인물(에로)
20241291,탈옥정사,,2024,20240614,장편,개봉,한국,성인물(에로),한국,성인물(에로)
20240923,여보 미안해요-참지 못해 씨받는 미망인 ,TUREKOMIJYUKU,2023,20240614,장편,개봉,일본,"멜로/로맨스,드라마",일본,멜로/로맨스
20240921,남편 직장상사를 세워줬습니다,WAKAN OKASARETATUMA-11,2022,20240614,장편,개봉,일본,"멜로/로맨스,드라마",일본,멜로/로맨스
20234225,마이 스몰 랜드,My Small Land,2022,20240201,장편,개봉,일본,드라마,일본,드라마
20249394,유코의 평형추,A BALANCE,2020,20240501,장편,개봉,일본,드라마,일본,드라마
20232315,다우렌의 결혼,Dauren's Wedding,2023,20240612,장편,개봉,한국,드라마,한국,드라마
20241030,헤픈 엄마-새엄마가 뒷문 열어준 날,,2022,20240613,장편,개봉,일본,"성인물(에로),드라마,멜로/로맨스",일본,성인물(에로)
20240373,운동하는 후배를 탐하는 여선배,,2024,20240613,장편,개봉,한국,성인물(에로),한국,성인물(에로)
20240354,역대급 슬렌더 미녀의 섹스,,2024,20240613,장편,개봉,한국,성인물(에로),한국,성인물(에로)
20241031,양아들의 씨물 맛을 못 잊는 엄마,,2023,20240613,장편,개봉,일본,"성인물(에로),드라마,멜로/로맨스",일본,성인물(에로)
20241032,아주버님 지갑 털다 뒷구멍 털렸어요,,2023,20240613,장편,개봉,일본,"성인물(에로),드라마,멜로/로맨스",일본,성인물(에로)
20241014,갈라진 계곡 헤집는 굵은 아주버님,,2023,20240613,장편,개봉,일본,"성인물(에로),드라마,멜로/로맨스",일본,성인물(에로)
20212353,생츄어리,Sanctuary,2022,20240612,장편,개봉,한국,다큐멘터리,한국,다큐멘터리
20240242,키타로 탄생 게게게의 수수께끼,The Birth of Kitaro: The Mystery of GeGeGe,2023,20240612,장편,개봉,일본,애니메이션,일본,애니메이션
20240388,퀸 엘리자베스,Elizabeth: A Portrait in Part(s),2022,20240612,장편,개봉,영국,다큐멘터리,영국,다큐멘터리
20225826,양치기,A Good Boy,2024,20240612,장편,개봉,한국,"드라마,스릴러",한국,드라마
20247564,기괴도,Immersion,2023,20240612,장편,개봉,일본,공포(호러),일본,공포(호러)
20236474,넥스트 골 윈즈,Next Goal Wins,2023,20240124,장편,개봉,미국,코미디,미국,코미디
20240554,흑인 남친 자취방에서 생긴일,,2024,20240607,장편,개봉,한국,성인물(에로),한국,성인물(에로)
20240841,"친구,이혼녀 그리고 양성애자",,2024,20240607,장편,개봉,한국,"성인물(에로),드라마,멜로/로맨스,판타지",한국,성인물(에로)
20234045,설계자,The Plot,2022,20240529,장편,개봉,한국,"범죄,드라마",한국,범죄
20249416,청춘 18X2 너에게로 이어지는 길,18x2 Beyond Youthful Days,2024,20240522,장편,개봉,"대만,일본",멜로/로맨스,대만,멜로/로맨스
20240372,처음 본 대물에 젖어버린 유부녀,,2024,20240606,장편,개봉,한국,성인물(에로),한국,성인물(에로)
20240371,성욕이 너무 강한 글래머,,2024,20240606,장편,개봉,한국,성인물(에로),한국,성인물(에로)
20240125,나쁜 녀석들: 라이드 오어 다이,BAD BOYS: RIDE OR DIE,2024,20240606,장편,개봉,미국,"액션,코미디",미국,액션
20241001,신도시 엄마들 IV,,2024,20240605,장편,개봉,한국,성인물(에로),한국,성인물(에로)
20240195,명탐정 코난 VS 괴도 키드,Detective Conan vs Kid the Phantom Thief,2024,20240605,장편,개봉,일본,애니메이션,일본,애니메이션
20227681,다섯 번째 방,Her 5th Room,2023,20240605,장편,개봉,한국,다큐멘터리,한국,다큐멘터리
20248615,금지된 장난 ,The Forbidden Play,2023,20240605,장편,개봉,일본,공포(호러),일본,공포(호러)
20240162,빼꼼: 미션 투 마스,Backkom Bear: Mars Mission,2023,20240601,장편,개봉,중국,애니메이션,중국,애니메이션
20247860,바커스: 슈퍼스타가 될 거야,The Barkers Team,2022,20240601,장편,개봉,러시아,애니메이션,러시아,애니메이션
20240205,내 손끝에 너의 온도가 닿을 때,The Time Of Fever,2024,20240515,장편,개봉,한국,멜로/로맨스,한국,멜로/로맨스
20249881,옆집유부녀의 가슴애무 터진날,,2023,20240531,장편,개봉,일본,성인물(에로),일본,성인물(에로)
20249880,연속발기 새엄마의 테크닉,,2023,20240531,장편,개봉,일본,성인물(에로),일본,성인물(에로)
20240356,불륜에 중독된 변태 유부녀,,2024,20240531,장편,개봉,한국,성인물(에로),한국,성인물(에로)
20240357,남동생마저 노리는 욕정녀,,2024,20240531,장편,개봉,한국,성인물(에로),한국,성인물(에로)
20247263,여친엄마의 명품 몸매,,2023,20240529,장편,개봉,한국,멜로/로맨스,한국,멜로/로맨스
20240204,동창회의 목적 2024,,2024,20240524,장편,개봉,한국,멜로/로맨스,한국,멜로/로맨스
20247824,스와핑 : 남의 여자가 더 맛있다,,2024,20240520,장편,개봉,한국,멜로/로맨스,한국,멜로/로맨스
20249996,옆집 부인 상담중,,2023,20240517,장편,개봉,일본,성인물(에로),일본,성인물(에로)
20210127,화녀,Wannabe,2024,20240314,장편,개봉,한국,스릴러,한국,스릴러
20234675,파묘,Exhuma,2024,20240222,장편,개봉,한국,"미스터리,공포(호러)",한국,미스터리
20212393,정순,Jeong-sun,2023,20240417,장편,개봉,한국,드라마,한국,드라마
20236697,장인과 사위,My Old Man,2023,20240215,장편,개봉,한국,"코미디,드라마",한국,코미디
20236181,은하수,Galaxies,2023,20240410,장편,개봉,한국,드라마,한국,드라마
20235253,외계+인 2부,Alienoid,2023,20240110,장편,개봉,한국,기타,한국,기타
20231415,소풍,Picnic,2024,20240207,장편,개봉,한국,드라마,한국,드라마
20247437,브레드이발소: 셀럽 인 베이커리타운,Bread Barbershop : Celeb in Bakery Town ,2024,20240301,장편,개봉,한국,애니메이션,한국,애니메이션
20228797,범죄도시4,THE ROUNDUP : PUNISHMENT,2024,20240424,장편,개봉,한국,"액션,범죄",한국,액션
20232263,모르는 이야기,Unknown Narrative,2023,20240424,장편,개봉,한국,"판타지,어드벤처,드라마",한국,판타지
20247228,뒤주,,2024,20240328,장편,개봉,한국,"공포(호러),미스터리,스릴러",한국,공포(호러)
20232134,돌핀,Dolphin,2022,20240313,장편,개봉,한국,드라마,한국,드라마
20247933,당신이 잠든 사이,While you were sleeping,2021,20240320,장편,개봉,한국,"미스터리,멜로/로맨스",한국,미스터리
20248670,다시 김대중-함께 합시다,,2024,20240328,장편,개봉,한국,다큐멘터리,한국,다큐멘터리
20228558,늦더위,Late Summer Heat,2022,20240522,장편,개봉,한국,드라마,한국,드라마
20235353,길위에 김대중,Kim Dae Jung on the road,2023,20240110,장편,개봉,한국,다큐멘터리,한국,다큐멘터리
20246953,검은 소년,Walker,2022,20240207,장편,개봉,한국,드라마,한국,드라마
20247038,DMZ 동물 특공대,DMZ Animal Rangers,2023,20240214,장편,개봉,한국,애니메이션,한국,애니메이션
20219375,1980,1980: The unforgettable day,2024,20240327,장편,개봉,한국,드라마,한국,드라마
20249985,그녀의 아늑한 구멍,,2023,20240517,장편,개봉,일본,성인물(에로),일본,성인물(에로)
20235495,형수는 섹스를 배운다 무삭제판,,2023,20240516,장편,개봉,일본,멜로/로맨스,일본,멜로/로맨스
20247476,터져버린 성욕,お義母さん…女房よりもずっといいよ,2023,20240516,장편,개봉,일본,멜로/로맨스,일본,멜로/로맨스
20247719,쾌감에 젖은 새엄마,田舎の近親相姦　息子が母を犯す瞬間(二ノ宮慶子),2023,20240516,장편,개봉,일본,멜로/로맨스,일본,멜로/로맨스
20247255,젖은 속옷에 비친 유부녀,私、屋根裏に棲み着いた我が家の前オ ーナーに、犯され続けています,2023,20240516,장편,개봉,일본,멜로/로맨스,일본,멜로/로맨스
20235515,적극적인 조카의 몸 무삭제판,,2023,20240516,기타,개봉,일본,멜로/로맨스,일본,멜로/로맨스
20247475,욕정에 젖은 맛,続・異常性交　五十路母と子其ノ弐拾伍,2023,20240516,장편,개봉,일본,멜로/로맨스,일본,멜로/로맨스
20248738,아내가 모른 비밀사정,,2023,20240516,장편,개봉,일본,멜로/로맨스,일본,멜로/로맨스
20235195,새엄마는 관계중 무삭제판,,2023,20240516,장편,개봉,일본,멜로/로맨스,일본,멜로/로맨스
20235041,상사의 음란 아내 무삭제판,,2023,20240516,장편,개봉,일본,멜로/로맨스,일본,멜로/로맨스
20247708,무방비 욕정,続・異常性交　五十路母と子其ノ弐拾四,2023,20240516,장편,개봉,일본,멜로/로맨스,일본,멜로/로맨스
20235058,몸으로 받은 택배 무삭제판,,2023,20240516,장편,개봉,일본,멜로/로맨스,일본,멜로/로맨스
20235037,몰래하는 와이프 무삭제판,,2023,20240516,장편,개봉,일본,멜로/로맨스,일본,멜로/로맨스
20240368,친구가 내 남편 팬티 내려주는걸 목격했다,MAMATOMO,2022,20240530,장편,개봉,일본,"멜로/로맨스,드라마",일본,멜로/로맨스
20240370,야한 취미의 변태녀들,,2024,20240530,장편,개봉,한국,성인물(에로),한국,성인물(에로)
20240353,백치미 가득한 육덕녀,,2024,20240530,장편,개봉,한국,성인물(에로),한국,성인물(에로)
20240351,단백질 도둑 치아키 : 빨딱 섰네,KURABUNONOZOMIYA,2023,20240530,장편,개봉,일본,"멜로/로맨스,드라마",일본,멜로/로맨스
20235032,몰래 들어온 유부녀 무삭제판,,2023,20240516,장편,개봉,일본,멜로/로맨스,일본,멜로/로맨스
20235036,남편 몰래온 도련님 무삭제판,,2023,20240516,장편,개봉,일본,멜로/로맨스,일본,멜로/로맨스
20247231,굶주린 앞집 여자,向かいのオトコに覗かれ興奮する早濡 れ淫乱人妻,2023,20240516,장편,개봉,일본,멜로/로맨스,일본,멜로/로맨스
20248617,창가의 토토,Totto-Chan The Little Girl at the Window,2023,20240529,장편,개봉,일본,애니메이션,일본,애니메이션
20240177,정욕,(Ab)normal Desire,2023,20240529,장편,개봉,일본,"드라마,멜로/로맨스",일본,드라마
20233508,오늘부터 댄싱퀸,Dancing Queen,2023,20240529,장편,개봉,노르웨이,드라마,노르웨이,드라마
20249403,아침이 오면 공허해진다,"When Morning Comes, I Feel Empty",2022,20240529,장편,개봉,일본,드라마,일본,드라마
20249534,분노의 강,The River of Wrath,2023,20240529,장편,개봉,한국,드라마,한국,드라마
20249783,난 엄청 창의적인 휴머니스트 뱀파이어가 될 거야,Humanist Vampire Seeking Consenting Suicidal Person,2023,20240529,장편,개봉,캐나다,"코미디,멜로/로맨스,드라마,공포(호러)",캐나다,코미디
20249845,결속밴드 라이브 -항성-,,2023,20240529,장편,개봉,일본,공연,일본,공연
20236171,세틀러스,Settlers,2021,20240515,장편,개봉,남아프리카공화국,"SF,스릴러",남아프리카공화국,SF
20240311,구멍가게 아가씨들,,2024,20240515,장편,개봉,한국,성인물(에로),한국,성인물(에로)
20240075,질퍽한 E컵 풍속녀 무삭제판,With A Girl Befriended,2022,20240514,장편,개봉,일본,성인물(에로),일본,성인물(에로)
20247023,스와핑：새엄마의 명품 몸매,,2023,20240514,장편,개봉,한국,멜로/로맨스,한국,멜로/로맨스
20249455,발정 난 친구 여동생,,2024,20240514,장편,개봉,한국,성인물(에로),한국,성인물(에로)
20240203,자매의 목적,,2024,20240511,장편,개봉,한국,멜로/로맨스,한국,멜로/로맨스
20240173,대물 형부 젖 큰 처제 2,,2024,20240509,장편,개봉,한국,성인물(에로),한국,성인물(에로)
20240335,유부남이면 무조건 오케이 신혼집 유부녀 불륜 메이트,,2024,20240528,장편,개봉,한국,성인물(에로),한국,성인물(에로)
20240631,온 집안에 밤꽃냄새 풀풀-여보 그만 좀 세워,KANZENSYUKAN-01,2023,20240528,장편,개봉,일본,"성인물(에로),드라마,멜로/로맨스",일본,성인물(에로)
20240336,아무 여자 안 가리는 변태돼지 삼형제,,2024,20240528,장편,개봉,한국,성인물(에로),한국,성인물(에로)
20240321,새엄마가 내 친구와 해버렸다-나도 싸게 해줘,JYUKUBONO MUSUKO-13,2022,20240528,장편,개봉,일본,"성인물(에로),드라마,멜로/로맨스",일본,성인물(에로)
20240308,발정난여대생들의비밀섹스-무삭제,,2024,20240528,장편,개봉,한국,성인물(에로),한국,성인물(에로)
20240630,만지고 세우고 싸고-셀카에 흥분한 섹파,TIKUBISEME,2023,20240528,장편,개봉,일본,"성인물(에로),드라마,멜로/로맨스",일본,성인물(에로)
20236674,이프: 상상의 친구,IF,2024,20240515,장편,개봉,미국,"코미디,드라마,가족",미국,코미디
20240552,헤픈섹파-초대남의 낯선 맛이 좋아,PAPAKATUBIJYO,2023,20240527,장편,개봉,일본,"성인물(에로),드라마,멜로/로맨스",일본,성인물(에로)
20240551,거친 떡질-점장님 거친맛에 떡실신,WAKAN OKASARETATUMA-09,2022,20240527,장편,개봉,일본,"성인물(에로),드라마,멜로/로맨스",일본,성인물(에로)
20249162,여동생들의 금기된정사,,2024,20240503,장편,개봉,한국,성인물(에로),한국,성인물(에로)
20249516,너무커서아파요흑인대물오빠,,2024,20240503,장편,개봉,한국,성인물(에로),한국,성인물(에로)
20240073,흑인주인과흥분한여대생들,,2024,20240524,장편,개봉,한국,성인물(에로),한국,성인물(에로)
20249513,찰떡 진 사돈댁,,2024,20240524,장편,개봉,한국,성인물(에로),한국,성인물(에로)
20249509,전투적인 새엄마,,2024,20240524,장편,개봉,한국,성인물(에로),한국,성인물(에로)
20240363,잘익은 버섯 먹으러왔어요,SIBORITOUONNA,2023,20240524,장편,개봉,일본,"멜로/로맨스,드라마",일본,멜로/로맨스
20240355,욕정에 미친 그녀,,2024,20240524,장편,개봉,한국,성인물(에로),한국,성인물(에로)
20240365,아픈 아내 앞에서 윗집 여자와 구멍 공유,SINTUGUNAI-06,2022,20240524,장편,개봉,일본,"멜로/로맨스,드라마",일본,멜로/로맨스
20240132,마스크 걸-라이브 방송,마스크 걸-라이브 방송,2024,20240524,장편,개봉,한국,"성인물(에로),드라마,멜로/로맨스",한국,성인물(에로)
20240374,내 여동생과 섹스해 줘,,2024,20240524,장편,개봉,한국,성인물(에로),한국,성인물(에로)
20240364,남편을 보낸 후 하루만에 팬티 내렸어요,IKEHANA,2023,20240524,장편,개봉,일본,"멜로/로맨스,드라마",일본,멜로/로맨스
20240366,금단의 새엄마 : 이건 동정이야 ,SEINOHATUKINSIRIZU-10,2023,20240524,장편,개봉,일본,"멜로/로맨스,드라마",일본,멜로/로맨스
20240058,BJ 떡방 수사대,,2024,20240524,장편,개봉,한국,"성인물(에로),드라마,멜로/로맨스",한국,성인물(에로)
20249300,별처럼 빛나는 너에게 더무비-일섬일섬량성성 ,Shining for One Thing,2023,20240522,장편,개봉,중국,"판타지,멜로/로맨스",중국,판타지
20249744,어린선배 구멍동기,,2024,20240502,장편,개봉,한국,성인물(에로),한국,성인물(에로)
20249743,여대생 자매의 환승침대,,2024,20240501,장편,개봉,한국,성인물(에로),한국,성인물(에로)
20240057,스와핑 골프,,2024,20240501,장편,개봉,한국,성인물(에로),한국,성인물(에로)
19808083,비행사의 아내,The Aviator's Wife,1981,20240515,장편,개봉,프랑스,기타,프랑스,기타
20249673,도뷔시,DOVBUSH,2023,20240523,장편,개봉,우크라이나,"액션,어드벤처,드라마",우크라이나,액션
20240369,잠든 형부를 맛보는 처제,,2024,20240523,장편,개봉,한국,성인물(에로),한국,성인물(에로)
20240352,눈앞에서 자위하라고 강요하는 누나,,2024,20240523,장편,개봉,한국,성인물(에로),한국,성인물(에로)
20249844,그레이트 칸,Dawn of the Great Steppe,2022,20240523,장편,개봉,카자흐스탄,"액션,전쟁",카자흐스탄,액션
20203557,그녀가 죽었다,Following,2024,20240515,장편,개봉,한국,"미스터리,스릴러",한국,미스터리
20236653,퓨리오사: 매드맥스 사가,Furiosa: A Mad Max Saga,2024,20240522,장편,개봉,미국,액션,미국,액션
20247944,스텔라,Stella. A Life.,2023,20240522,장편,개봉,독일,드라마,독일,드라마
20249517,애비게일,Abigail,2024,20240515,장편,개봉,미국,공포(호러),미국,공포(호러)
20249674,마지못해 올라탄 형수님,,2024,20240425,장편,개봉,한국,"드라마,성인물(에로)",한국,드라마
20235925,나의 올드 오크,The Old Oak ,2023,20240117,장편,개봉,아일랜드,드라마,아일랜드,드라마
20248728,베어헌터,,2022,20240328,장편,개봉,러시아,"어드벤처,스릴러",러시아,어드벤처
20240194,더 초즌: 선택받은 자,The Chosen,2017,20240518,장편,개봉,미국,"드라마,사극",미국,드라마
20247503,타이거스 네스트: 호랑이의 보디가드,The Tiger's Nest,2022,20240516,장편,개봉,이탈리아,"어드벤처,드라마",이탈리아,어드벤처
20249654,위험한 취향의 글래머,,2024,20240516,장편,개봉,한국,성인물(에로),한국,성인물(에로)
20249619,오늘은 저녁은 어린 여자,,2024,20240516,장편,개봉,한국,성인물(에로),한국,성인물(에로)
20240221,아내가 낯선남자와 침대에 누워있는걸 목격했다,NIKUBENNKITUKAI,2022,20240516,장편,개봉,일본,"멜로/로맨스,드라마",일본,멜로/로맨스
20240423,신도시 엄마들 III,,2024,20240516,장편,개봉,한국,성인물(에로),한국,성인물(에로)
20240207,새엄마 뒷문 열어버린 의붓아들,MIDARANAHAHA-01,2023,20240516,장편,개봉,일본,"멜로/로맨스,드라마",일본,멜로/로맨스
20235546,8일 만에 죽은 괴수의 12일 이야기,The 12 Day Tale Of The Monster That Died In 8,2023,20240516,장편,개봉,일본,드라마,일본,드라마
20249305,가필드 더 무비,The Garfield Movie,2023,20240515,장편,개봉,미국,애니메이션,미국,애니메이션
20249133,극장판 실바니안 패밀리: 프레야의 선물,Sylvanian Families the Movie: A Gift from Freya,2023,20240501,장편,개봉,일본,"애니메이션,가족",일본,애니메이션
20249741,디피컬트,A Difficult Year,2023,20240515,장편,개봉,프랑스,"코미디,드라마,멜로/로맨스",프랑스,코미디
20249303,"낸 골딘, 모든 아름다움과 유혈사태",All the Beauty and the Bloodshed,2022,20240515,장편,개봉,미국,다큐멘터리,미국,다큐멘터리
20249507,극장판 하이큐!! 쓰레기장의 결전,Haikyu!!: The Dumpster Battle,2024,20240515,장편,개봉,일본,애니메이션,일본,애니메이션
20249317,악마와의 토크쇼,Late Night with the Devil,2023,20240508,장편,개봉,호주,공포(호러),호주,공포(호러)
20232138,미지수,Unknown,2023,20240508,장편,개봉,한국,"드라마,멜로/로맨스,가족,SF,판타지",한국,드라마
20235613,스턴트맨,The Fall Guy,2024,20240501,장편,개봉,미국,"액션,코미디,멜로/로맨스",미국,액션
20227650,이어지는 땅,The Continuing Land,2022,20240110,장편,개봉,한국,드라마,한국,드라마
20249617,처음 본 남자에게 쉽게 주는 아줌마,,2024,20240509,장편,개봉,한국,성인물(에로),한국,성인물(에로)
20249618,육덕 중독,,2024,20240509,장편,개봉,한국,성인물(에로),한국,성인물(에로)
20249504,보티첼리. 피렌체와 메디치,BOTTICELLI. FLORENCE AND THE MEDICI,2021,20240424,장편,개봉,이탈리아,다큐멘터리,이탈리아,다큐멘터리
20240102,할리우드 살인사건,Last Looks,2021,20240508,장편,개봉,영국,"액션,드라마,코미디",영국,액션
20247783,혹성탈출: 새로운 시대,KINGDOM OF THE PLANET OF THE APES,2024,20240508,장편,개봉,미국,"액션,SF",미국,액션
20240016,아내가 부장님 떡맛에 길들여졌다,JYOUSINOMAEDE MODERU,2022,20240507,장편,개봉,일본,"성인물(에로),드라마,멜로/로맨스",일본,성인물(에로)
20240015,새엄마의 떡 사랑-1일 3떡,HATUJYOUNOHAHA,2023,20240507,장편,개봉,일본,"성인물(에로),드라마,멜로/로맨스",일본,성인물(에로)
20240013,밀애-새엄마 물 터트린 양아들,OKASANNOASEDAKU,2023,20240507,장편,개봉,일본,"성인물(에로),드라마,멜로/로맨스",일본,성인물(에로)
20240014,단골을 위한 물 많은 대접질,KAIINSEI,2023,20240507,장편,개봉,일본,"성인물(에로),드라마,멜로/로맨스",일본,성인물(에로)
20249313,"포켓몬스터: 성도지방 이야기, 최종장","Pokémon: The Story of Johto Region, The Final Chapter",2001,20240501,장편,개봉,일본,애니메이션,일본,애니메이션
20240032,씨 뿌려달라는 물쌓인 며느리,SISANKANOGIBU,2023,20240506,장편,개봉,일본,"성인물(에로),드라마,멜로/로맨스",일본,성인물(에로)
20240030,새아들 꽉찬 단백질 뽑아줬어요,TIJYORUOKASAN-02,2023,20240506,장편,개봉,일본,"성인물(에로),드라마,멜로/로맨스",일본,성인물(에로)
20240033,끈적한 손기술로 단백질 터트려줘요,SIBORITORU,2023,20240506,장편,개봉,일본,"성인물(에로),드라마,멜로/로맨스",일본,성인물(에로)
20240031,과부 새엄마와 여관 혼숙한 썰,SEINOHATUKINSIRIZU-10,2023,20240506,장편,개봉,일본,"성인물(에로),드라마,멜로/로맨스",일본,성인물(에로)
20240012,새아들의 아이가 내 안에 자라고 있습니다,JYUKUBONO MUSUKO-14,2022,20240504,장편,개봉,일본,"성인물(에로),드라마,멜로/로맨스",일본,성인물(에로)
20240011,벌려준 새엄마-오늘부터 내 여자,SEINOHATUKINSIRIZU-07,2023,20240504,장편,개봉,일본,"성인물(에로),드라마,멜로/로맨스",일본,성인물(에로)
20240010,동정남 성교육-시원하게 싸고 가자,NARETANIKUTAI,2023,20240504,장편,개봉,일본,"성인물(에로),드라마,멜로/로맨스",일본,성인물(에로)
20240029,내 아내 뒷문 열어재낀 과장님,KIRAUANOHITONI-02,2022,20240504,장편,개봉,일본,"성인물(에로),드라마,멜로/로맨스",일본,성인물(에로)
20240027,후배 아내 물이 참 많더라,JYOUSITOBUKANOTUMA-15,2022,20240503,장편,개봉,일본,"성인물(에로),드라마,멜로/로맨스",일본,성인물(에로)
20249506,짐승남에게 길들여진 여자들,,2024,20240503,장편,개봉,한국,성인물(에로),한국,성인물(에로)
20240192,아내 몰래 만나는 발정난 대리모,,2024,20240503,장편,개봉,한국,성인물(에로),한국,성인물(에로)
20249855,성인방송 BJ의 맛,,2024,20240503,장편,개봉,한국,성인물(에로),한국,성인물(에로)
20240026,사장님 딸이 뒷문을 열어줬다,HYOUHENSITATITI,2023,20240503,장편,개봉,일본,"성인물(에로),드라마,멜로/로맨스",일본,성인물(에로)
20240009,물 많은 새엄마-여관 가자,SEINOHATUKINSIRIZU-06,2023,20240503,장편,개봉,일본,"성인물(에로),드라마,멜로/로맨스",일본,성인물(에로)
20240190,맛좋은 자매덮밥 - 슬렌더 언니와 육덕 동생을 한꺼번에,,2024,20240503,장편,개봉,한국,멜로/로맨스,한국,멜로/로맨스
20240028,당신이 잠 든 사이-남편 깨기전에 빨리 싸요,TAWAWANA,2023,20240503,장편,개봉,일본,"성인물(에로),드라마,멜로/로맨스",일본,성인물(에로)
20249492,갑자기 섹스 가르쳐 준다는 여사친,,2024,20240503,장편,개봉,한국,성인물(에로),한국,성인물(에로)
20240176,"3인3섹 - S,M,코스튬",,2024,20240503,장편,개봉,한국,멜로/로맨스,한국,멜로/로맨스
20231416,차이콥스키의 아내,Tchaikovsky's Wife,2022,20240501,장편,개봉,러시아,"멜로/로맨스,드라마",러시아,멜로/로맨스
20249967,옆집 불량 주부,,2024,20240502,장편,개봉,한국,"드라마,성인물(에로)",한국,드라마
20249653,질리지 않는 맛의 D컵녀,,2024,20240502,장편,개봉,한국,성인물(에로),한국,성인물(에로)
20249616,순박한 청년을 탐하는 욕정녀,,2024,20240502,장편,개봉,한국,성인물(에로),한국,성인물(에로)
20249979,"다시, 아내를 바꿔주세요",,2024,20240502,장편,개봉,한국,"드라마,성인물(에로)",한국,드라마
20235921,힙노시스: LP 커버의 전설,Squaring the Circle: The Story of Hipgnosis,2022,20240501,장편,개봉,영국,다큐멘터리,영국,다큐멘터리
20249353,꼬마참새 리차드: 신비한 보석 탐험대,Richard the Stork and the Mystery of the Great Jewel,2023,20240501,장편,개봉,"독일,벨기에,노르웨이",애니메이션,독일,애니메이션
20249122,어쌔신: 드론 전쟁,Assassin,2023,20240429,장편,개봉,미국,"SF,액션",미국,SF
20247060,스와핑 ： 옆집 아내가 더 맛있다,,2023,20240428,장편,개봉,한국,멜로/로맨스,한국,멜로/로맨스
20249193,소정아 하고 싶다,,2024,20240427,장편,개봉,한국,멜로/로맨스,한국,멜로/로맨스
20249780,불륜이 행복한 예비 장모님 : 내가 세워줄게,OYAKODON,2023,20240429,장편,개봉,일본,"멜로/로맨스,드라마",일본,멜로/로맨스
20249779,두아들과 구멍 공유하는 새엄마,BIYAKUTOHAHA-01,2023,20240429,장편,개봉,일본,"멜로/로맨스,드라마",일본,멜로/로맨스
20249778,낯선남자에게 발기부전 치료해준 아내,TOUBOSYATOWATASI,2023,20240429,장편,개봉,일본,"멜로/로맨스,드라마",일본,멜로/로맨스
20249772,남편 대신 옆집남자와 임신을 꿈꾸고 있다,EXTUTINASITAGISUGATA,2022,20240429,장편,개봉,일본,"멜로/로맨스,드라마",일본,멜로/로맨스
20247063,바튼 아카데미,The Holdovers,2023,20240221,장편,개봉,미국,"코미디,드라마",미국,코미디
20236732,가여운 것들,Poor Things,2023,20240306,장편,개봉,미국,"드라마,코미디,멜로/로맨스",미국,드라마
20247754,마더스,Mothers' Instinct,2024,20240403,장편,개봉,미국,스릴러,미국,스릴러
20249407,VR 요즘 애들 섹스하는 법,,2024,20240426,장편,개봉,한국,성인물(에로),한국,성인물(에로)
20248585,팅크족,,2024,20240426,장편,개봉,한국,성인물(에로),한국,성인물(에로)
20249766,술김에 2 대 1,,2024,20240426,장편,개봉,한국,"성인물(에로),코미디,멜로/로맨스",한국,성인물(에로)
20249505,순진한 아저씨를 농락하는 어린 여자,,2024,20240426,장편,개봉,한국,성인물(에로),한국,성인물(에로)
20249491,까발려진 여직원의 사생활,,2024,20240426,장편,개봉,한국,성인물(에로),한국,성인물(에로)
20248855,거미줄 친 두 여자,,2024,20240426,장편,개봉,한국,성인물(에로),한국,성인물(에로)
20249711,합의금 대신 몸으로 위로를 드릴게요,KOTOWARENAI,2022,20240425,장편,개봉,일본,"멜로/로맨스,드라마",일본,멜로/로맨스
20249614,어린 남자에게 약한 아줌마,,2024,20240425,장편,개봉,한국,성인물(에로),한국,성인물(에로)
20248493,몬스터 프렌즈,Hanna and the Monsters,2023,20240425,장편,개봉,스페인,애니메이션,스페인,애니메이션
20249713,남편 대신 몸으로 죗값 받는 아내,JYOUSITOBUKANOTUMA-17,2022,20240425,장편,개봉,일본,"멜로/로맨스,드라마",일본,멜로/로맨스
20249712,날마다 씨받는 온천 여사장,SUKESUKE-2,2022,20240425,장편,개봉,일본,"멜로/로맨스,드라마",일본,멜로/로맨스
20249615,끈적하고 천박한 유부녀,,2024,20240425,장편,개봉,한국,성인물(에로),한국,성인물(에로)
20249714,가정부 다리 사이가 절경:신이주신 선물,IINARIKATEIHU-01,2022,20240425,장편,개봉,일본,"멜로/로맨스,드라마",일본,멜로/로맨스
20249318,챌린저스,Challengers,2024,20240424,장편,개봉,미국,"드라마,멜로/로맨스",미국,드라마
20247355,여행자의 필요,A traveler’s needs,2024,20240424,장편,개봉,한국,드라마,한국,드라마
20247525,드라이브,Drive,2023,20240424,장편,개봉,한국,"멜로/로맨스,드라마",한국,멜로/로맨스
20247839,위험한 섹스 : 장모와 처제,,2024,20240420,장편,개봉,한국,멜로/로맨스,한국,멜로/로맨스
20249404,스와핑의 목적,,2024,20240420,장편,개봉,한국,멜로/로맨스,한국,멜로/로맨스
20248189,젊은 자매의 음란 하숙집,,2024,20240419,장편,개봉,한국,성인물(에로),한국,성인물(에로)
20247713,몸으로 받은 상사 무삭제판,,2023,20240417,장편,개봉,일본,성인물(에로),일본,성인물(에로)
20249314,나를 채운 그녀 무삭제판,,2023,20240417,장편,개봉,일본,성인물(에로),일본,성인물(에로)
20249406,아내를 임신시킨 체내 사정 병원,HARAMASEHUNINTIRYOU,2023,20240415,장편,개봉,일본,"멜로/로맨스,드라마",일본,멜로/로맨스
20249405,남편 직장동료에게 단백질 선물 받은 아내,SINTUGUNAI-05,2022,20240415,장편,개봉,일본,"멜로/로맨스,드라마",일본,멜로/로맨스
20249454,캠핑의 목적,,2024,20240413,장편,개봉,한국,멜로/로맨스,한국,멜로/로맨스
20248839,한달에 한번 진짜 마법에 걸리는 여자,,2024,20240412,장편,개봉,한국,"코미디,드라마,판타지,성인물(에로)",한국,코미디
20249055,젊은냄새가 생생한 딸의 남친,,2023,20240412,장편,개봉,일본,성인물(에로),일본,성인물(에로)
20249037,새엄마와 욕탕의 가면정사,,2023,20240412,장편,개봉,일본,성인물(에로),일본,성인물(에로)
20249301,젖 큰 옆집 누나,,2024,20240410,장편,개봉,한국,성인물(에로),한국,성인물(에로)
20249120,형부에게 몸으로 위로 받은 처제,,2023,20240409,장편,개봉,한국,성인물(에로),한국,성인물(에로)
20248663,파트너 바꿔먹기,,2024,20240407,장편,개봉,한국,멜로/로맨스,한국,멜로/로맨스
20247583,친구아빠 3,,2023,20240407,장편,개봉,한국,멜로/로맨스,한국,멜로/로맨스
20249187,이자카야 여사장들 : 오늘 몸보신 할래요?,,2024,20240406,장편,개봉,한국,멜로/로맨스,한국,멜로/로맨스
20248550,섹스 봇 선녀,,2024,20240405,장편,개봉,한국,"성인물(에로),드라마,멜로/로맨스",한국,성인물(에로)
20247416,니남편 잘하더라,,2024,20240405,장편,개봉,한국,성인물(에로),한국,성인물(에로)
20248673,너무 야한 거유 형수,While He Got Drunk,2022,20240404,장편,개봉,일본,성인물(에로),일본,성인물(에로)
20249119,여친의 엄마와 그리고 남친의 삼촌과,,2023,20240402,장편,개봉,한국,성인물(에로),한국,성인물(에로)
20247516,부부교환 : 자매의 스와핑,,2023,20240402,장편,개봉,한국,멜로/로맨스,한국,멜로/로맨스
20249767,신도시 엄마들 II,,2024,20240419,장편,개봉,한국,성인물(에로),한국,성인물(에로)
20248513,바람의 세월,SEWOL: Years in the Wind,2024,20240403,장편,개봉,한국,다큐멘터리,한국,다큐멘터리
20248874,유부녀라 더 끌리는 섹스 파트너,,2024,20240418,장편,개봉,한국,성인물(에로),한국,성인물(에로)
20248862,강제로 당하고 싶은 아줌마,,2024,20240418,장편,개봉,한국,성인물(에로),한국,성인물(에로)
20234731,갓랜드,Godland,2022,20240228,장편,개봉,"덴마크,아이슬란드,프랑스,스웨덴",드라마,덴마크,드라마
20247515,올 더 네임즈 오브 갓 ,ALL THE NAMES OF GOD,2023,20240417,장편,개봉,헝가리,"액션,드라마",헝가리,액션
20249014,아서,ARTHUR THE KING,2024,20240417,장편,개봉,미국,"어드벤처,드라마",미국,어드벤처
20248403,브레이브 온 파이어,On Fire ,2023,20240417,장편,개봉,미국,"액션,드라마",미국,액션
20227657,돌들이 말할 때까지,Until the Stones Speak,2022,20240417,장편,개봉,한국,다큐멘터리,한국,다큐멘터리
20234609,극장판 울려라! 유포니엄: 앙상블 콘테스트,Sound! Euphonium Ensemble Contest,2023,20240417,장편,개봉,일본,애니메이션,일본,애니메이션
20248466,고스트버스터즈: 오싹한 뉴욕,Ghostbusters: Frozen Empire ,2023,20240417,장편,개봉,미국,"액션,어드벤처",미국,액션
20247784,8인의 용의자들,8 Suspects,2024,20240417,장편,개봉,한국,"드라마,미스터리,범죄",한국,드라마
20247294,골드핑거,The Goldfinger,2023,20240410,장편,개봉,홍콩,"범죄,액션",홍콩,범죄
20248655,사랑은 빛,Love is Light,2022,20240416,장편,개봉,일본,멜로/로맨스,일본,멜로/로맨스
20248551,뺏길 수 없어 새엄마,,2024,20240412,장편,개봉,한국,"성인물(에로),드라마,멜로/로맨스",한국,성인물(에로)
20248873,육덕녀 신고식,,2024,20240411,장편,개봉,한국,성인물(에로),한국,성인물(에로)
20248861,굵고 강한 물건을 원하는 아내,,2024,20240411,장편,개봉,한국,성인물(에로),한국,성인물(에로)
20236230,씬,The Sin,2024,20240403,장편,개봉,한국,공포(호러),한국,공포(호러)
20212668,도그데이즈,Dog Days,2023,20240207,장편,개봉,한국,드라마,한국,드라마
20249153,에스파: 월드 투어 인 시네마,aespa: WORLD TOUR in cinemas,2024,20240410,장편,개봉,한국,공연,한국,공연
20236614,쿵푸팬더4,Kung Fu Panda 4,2024,20240410,장편,개봉,미국,"애니메이션,액션,코미디",미국,애니메이션
20247973,어게인 1997,Once Again,2023,20240410,장편,개봉,한국,"판타지,드라마",한국,판타지
20248586,슈가│어거스트 디 투어 ‘디-데이’ 더 무비,SUGA│Agust D TOUR 'D-DAY' THE MOVIE,2024,20240410,장편,개봉,한국,공연,한국,공연
20247780,비키퍼,The Beekeeper,2023,20240403,장편,개봉,미국,"액션,스릴러",미국,액션
20247673,오멘: 저주의 시작,The First Omen,2024,20240403,장편,개봉,미국,공포(호러),미국,공포(호러)
20235145,기적의 시작,The Origin of Miracles,2023,20240222,장편,개봉,한국,다큐멘터리,한국,다큐멘터리
20249219,정자 고파 찾아온 옆집여자,,2023,20240406,장편,개봉,일본,"성인물(에로),드라마,멜로/로맨스",일본,성인물(에로)
20249201,세우는 모녀와 새아들의 사정,,2023,20240406,장편,개봉,일본,"성인물(에로),드라마,멜로/로맨스",일본,성인물(에로)
20249200,상사와 지방출장-착즙당한 여사원,,2022,20240406,장편,개봉,일본,"성인물(에로),드라마,멜로/로맨스",일본,성인물(에로)
20249202,가사도우미-걸레질 잘 하고 잘 빨아요,,2023,20240406,장편,개봉,일본,"성인물(에로),드라마,멜로/로맨스",일본,성인물(에로)
20248856,잘느끼는설탕의야한신음소리,,2024,20240405,장편,개봉,한국,성인물(에로),한국,성인물(에로)
20248696,어린 글래머의 마사지,,2024,20240405,장편,개봉,한국,성인물(에로),한국,성인물(에로)
20248669,너무 커져버린 과외쌤 오빠,,2024,20240405,장편,개봉,한국,성인물(에로),한국,성인물(에로)
20249199,완벽한 마사지-경련 일으킨 유부녀,,2023,20240404,장편,개봉,일본,"성인물(에로),드라마,멜로/로맨스",일본,성인물(에로)
20249216,오일마사지에 허리 휘는 유부녀,,2023,20240404,장편,개봉,일본,"성인물(에로),드라마,멜로/로맨스",일본,성인물(에로)
20249218,쏠린 여상사 빨린 남직원,,2023,20240404,장편,개봉,일본,"성인물(에로),드라마,멜로/로맨스",일본,성인물(에로)
20249217,시아버지 잡는 굶주린 며느리,,2023,20240404,장편,개봉,일본,"성인물(에로),드라마,멜로/로맨스",일본,성인물(에로)
20248859,남자 미치게 만드는 폭유녀들,,2024,20240404,장편,개봉,한국,성인물(에로),한국,성인물(에로)
20249214,극장판 여성향 게임의 파멸 플래그밖에 없는 악역 영애로 환생해버렸다...,My Next Life as a Villainess: All Routes Lead to Doom! Movie,2023,20240404,장편,개봉,일본,애니메이션,일본,애니메이션
20248860,거칠게 움켜쥔 대물,,2024,20240404,장편,개봉,한국,성인물(에로),한국,성인물(에로)
20248494,우당탕탕 운동회,,2023,20240403,장편,개봉,한국,기타,한국,기타
20235841,키메라,La Chimera,2023,20240403,장편,개봉,이탈리아,드라마,이탈리아,드라마
20249220,카니펙스: 죽음의 숲,Carnifex,2022,20240403,장편,개봉,호주,"공포(호러),스릴러",호주,공포(호러)
20247861,잔 뒤 바리,Jeanne du Barry,2023,20240403,장편,개봉,프랑스,드라마,프랑스,드라마
20201502,유미의 세포들 더 무비,YUMI'S CELLS THE MOVIE,2024,20240403,장편,개봉,한국,애니메이션,한국,애니메이션
20248234,신 가면라이더,Shin Kamen Raida,2023,20240403,장편,개봉,일본,"액션,드라마",일본,액션
20249215,발정난 새엄마가 뒷문을 허락했다,,2023,20240403,장편,개봉,일본,"성인물(에로),드라마,멜로/로맨스",일본,성인물(에로)
20236456,라스트 썸머,Last Summer,2023,20240403,장편,개봉,프랑스,"드라마,멜로/로맨스",프랑스,드라마
20249304,단백질 잘 뽑는 새엄마,,2023,20240403,장편,개봉,일본,"성인물(에로),드라마,멜로/로맨스",일본,성인물(에로)
20249197,남편 몰래 건물주와 섹스하고 있어요,,2022,20240403,장편,개봉,일본,"성인물(에로),드라마,멜로/로맨스",일본,성인물(에로)
20234772,그날의 딸들,April Tragedy,2023,20240403,장편,개봉,한국,다큐멘터리,한국,다큐멘터리
20249198,과부새엄마 욕정 되살린 의붓아들,,2022,20240403,장편,개봉,일본,"성인물(에로),드라마,멜로/로맨스",일본,성인물(에로)
20249196,새엄마와 온천여관-1박2싸,,2023,20240402,장편,개봉,일본,"성인물(에로),드라마,멜로/로맨스",일본,성인물(에로)
20249191,네토의 시작과 끝-남편 상사 씨받기,,2022,20240402,장편,개봉,일본,"성인물(에로),드라마,멜로/로맨스",일본,성인물(에로)
20249192,내 아내에게 씨뿌린 전무님,,2023,20240402,장편,개봉,일본,"성인물(에로),드라마,멜로/로맨스",일본,성인물(에로)
20249213,내 아내가 다른 남자와 싸고 있습니다,,2022,20240402,장편,개봉,일본,"성인물(에로),드라마,멜로/로맨스",일본,성인물(에로)
20206946,시민덕희,Citizen of a Kind,2021,20240124,장편,개봉,한국,드라마,한국,드라마
20235838,악은 존재하지 않는다,Evil Does Not Exist,2023,20240327,장편,개봉,일본,드라마,일본,드라마
20246982,언더 유어 베드,Under Your Bed,2019,20240401,장편,개봉,일본,"스릴러,범죄",일본,스릴러
20234789,패스트 라이브즈,Past Lives,2023,20240306,장편,개봉,미국,드라마,미국,드라마
20248853,체액 냄새 가득한 오피스 ,SOUMUKANOONANA-02,2023,20240329,장편,개봉,일본,"멜로/로맨스,드라마",일본,멜로/로맨스
20248832,쫀득한 맛으로 치료하는 변태 상담사,SEXTUKUSUKAUNSERA,2023,20240329,장편,개봉,일본,"멜로/로맨스,드라마",일본,멜로/로맨스
20248668,짝사랑했던 누나와 드디어 삽입,,2024,20240329,장편,개봉,한국,성인물(에로),한국,성인물(에로)
20247614,장모님의 육체적 본능,,2024,20240329,장편,개봉,한국,성인물(에로),한국,성인물(에로)
20248854,이웃 청년에게 올라타는 아줌마,SEINOHATUKINSIRIZU-05,2023,20240329,장편,개봉,일본,"멜로/로맨스,드라마",일본,멜로/로맨스
20248847,의붓아들 팬티 벗긴 새엄마,SEINOHATUKINSIRIZU-08,2023,20240329,장편,개봉,일본,성인물(에로),일본,성인물(에로)
20248695,움찔움찔 즙 터지는 성감대,,2024,20240329,장편,개봉,한국,성인물(에로),한국,성인물(에로)
20249268,신도시 엄마들,,2024,20240329,장편,개봉,한국,성인물(에로),한국,성인물(에로)
20247606,시아버지의 성교육,,2024,20240329,장편,개봉,한국,성인물(에로),한국,성인물(에로)
20249186,새엄마 : 아빠 미안해요. 괜찮아 아들아,,2024,20240329,장편,개봉,한국,멜로/로맨스,한국,멜로/로맨스
20249123,어린 며느리 길들이기2,,2024,20240327,장편,개봉,한국,성인물(에로),한국,성인물(에로)
20247417,밤마다 들리는 며느리의 신음소리,,2024,20240322,장편,개봉,한국,성인물(에로),한국,성인물(에로)
20248823,젖 큰 그녀의 골프레슨,,2024,20240320,장편,개봉,한국,성인물(에로),한국,성인물(에로)
20248527,두얼굴의 남편,,2024,20240320,장편,개봉,한국,"드라마,성인물(에로)",한국,드라마
20248547,이모 저 목욕 시켜주세요,BIJYUKUJYONONAKA-03,2022,20240318,장편,개봉,일본,"멜로/로맨스,드라마",일본,멜로/로맨스
20248525,의붓여동생이랑 해버렸어요,GYARUIMOOTO,2022,20240318,장편,개봉,일본,"멜로/로맨스,드라마",일본,멜로/로맨스
20248763,직장상사를 꼬셨는데 그의 아내와 눈이 맞다,YOBONIMISETEYARU-02,2022,20240328,장편,개봉,일본,"멜로/로맨스,드라마",일본,멜로/로맨스
20248748,섹꼽친구 : 속궁합이 아주 잘 맞아,TYOUHATUGAMASUMASU,2021,20240328,장편,개봉,일본,"멜로/로맨스,드라마",일본,멜로/로맨스
20247964,부르달락: 흡혈귀,The Vourdalak,2023,20240328,장편,개봉,프랑스,기타,프랑스,기타
20248100,드림쏭3,Rock Dog 3: Battle the Beat,2022,20240328,장편,개봉,미국,애니메이션,미국,애니메이션
20248762,내 아내는 인사부장의 1지명,DERIHERUMUSUME,2022,20240328,장편,개봉,일본,"멜로/로맨스,드라마",일본,멜로/로맨스
20248764,남편 대신 옆집 남자 : 제가 세워드릴게요,KOUKYUUSYANOONANA,2022,20240328,장편,개봉,일본,"멜로/로맨스,드라마",일본,멜로/로맨스
20225870,검치호 ,Tiger's Trigger,2022,20240328,장편,개봉,한국,"액션,스릴러",한국,액션
20231459,탐정 말로,Marlowe,2022,20240321,장편,개봉,"아일랜드,미국","범죄,액션,스릴러",아일랜드,범죄
20247057,스와핑 ： 엄마와 딸 2,,2023,20240317,장편,개봉,한국,멜로/로맨스,한국,멜로/로맨스
20248204,현관에서 대홍수난 새엄마 유리아짱,,,20240315,장편,개봉,일본,성인물(에로),일본,성인물(에로)
20248205,진한 수컷냄새에 환장한 엄마친구,,,20240315,장편,개봉,일본,성인물(에로),일본,성인물(에로)
20248163,매혹적인 아래층 유부녀,,2023,20240314,장편,개봉,한국,"성인물(에로),드라마",한국,성인물(에로)
20248482,MBTI E 정열섹스녀연주의첫경험-무삭제,,2023,20240313,장편,개봉,한국,성인물(에로),한국,성인물(에로)
20247599,헌팅 노래방 : 부킹 맛집,,2024,20240312,장편,개봉,한국,멜로/로맨스,한국,멜로/로맨스
20248124,쇼킹 마사지 샵 무삭제판,Attractive Massage Salon,2022,20240312,장편,개봉,일본,성인물(에로),일본,성인물(에로)
20247403,완벽한 환승섹스,,2023,20240311,장편,개봉,한국,"드라마,성인물(에로)",한국,드라마
20247260,바람난 아내들,,2023,20240311,장편,개봉,한국,"드라마,성인물(에로)",한국,드라마
20247519,스와핑 : 형수와 제수씨,,2023,20240310,장편,개봉,한국,멜로/로맨스,한국,멜로/로맨스
20235957,형수와는 괜찮아 무삭제판,,2023,20240308,장편,개봉,일본,멜로/로맨스,일본,멜로/로맨스
20236155,커지는 걸 좋아하는 형수,,2023,20240308,장편,개봉,일본,멜로/로맨스,일본,멜로/로맨스
20247701,참을 수 없는 탐욕 무삭제판,,2023,20240308,장편,개봉,일본,성인물(에로),일본,성인물(에로)
20236756,제수씨의 황제 VIP 서비스,,2023,20240308,장편,개봉,한국,성인물(에로),한국,성인물(에로)
20236458,음탕 아내의 공유 성생활,,2023,20240308,장편,개봉,일본,멜로/로맨스,일본,멜로/로맨스
20236326,욕정의 노브라,,2023,20240308,장편,개봉,일본,멜로/로맨스,일본,멜로/로맨스
20236616,어디에 넣을 것인가,,2023,20240308,장편,개봉,일본,멜로/로맨스,일본,멜로/로맨스
20236354,성욕 탐한 음란형수,,2023,20240308,장편,개봉,일본,멜로/로맨스,일본,멜로/로맨스
20236615,상사 아내의 손맛,,2023,20240308,장편,개봉,일본,멜로/로맨스,일본,멜로/로맨스
20248469,그녀는 세워주는 동창 무삭제판,,2023,20240308,장편,개봉,일본,멜로/로맨스,일본,멜로/로맨스
20248468,그녀는 세워주는 동창,,2023,20240308,장편,개봉,일본,멜로/로맨스,일본,멜로/로맨스
20236477,거절할 수 없는 며느리,,2023,20240308,장편,개봉,일본,멜로/로맨스,일본,멜로/로맨스
20236137,거부할 수 없는 절정 체험,,2023,20240308,장편,개봉,일본,멜로/로맨스,일본,멜로/로맨스
2024A461,스텝 업: 브레이킹,Breaking Point,2023,20240323,장편,개봉,영국,드라마,영국,드라마
20236714,극장판 스파이 패밀리 코드 : 화이트,SPY x FAMILY CODE: White,2023,20240320,장편,개봉,일본,애니메이션,일본,애니메이션
20248479,잠행,I Did It My Way,2023,20240327,장편,개봉,홍콩,"액션,범죄",홍콩,액션
20223125,세월: 라이프 고즈 온,Life Goes On,2024,20240327,장편,개봉,한국,다큐멘터리,한국,다큐멘터리
20247497,래빗스쿨 2: 부활절 대소동,Rabbit Academy: Mission Eggpossible,2022,20240327,장편,개봉,독일,애니메이션,독일,애니메이션
20048703,다운폴,The Downfall,2013,20240327,장편,개봉,독일,"전쟁,드라마",독일,전쟁
20248496,고질라 X 콩: 뉴 엠파이어,Godzilla X Kong: The New Empire,2024,20240327,장편,개봉,미국,"액션,어드벤처,SF",미국,액션
20248435,군인전문 여선배,,2024,20240306,장편,개봉,한국,성인물(에로),한국,성인물(에로)
20247823,며느리 친구들과 2대1,,2024,20240305,장편,개봉,한국,멜로/로맨스,한국,멜로/로맨스
20247821,100프로 예약제 여성전용 마사지샵의 비밀,,2024,20240304,장편,개봉,한국,성인물(에로),한국,성인물(에로)
20247838,엄마 말고 나랑 해줘 아저씨,,2024,20240304,장편,개봉,한국,성인물(에로),한국,성인물(에로)
20247600,쓰리썸 : 은밀한 제안,,2024,20240302,장편,개봉,한국,멜로/로맨스,한국,멜로/로맨스
20248473,피보다 진한 떡정의 최후,,2023,20240322,장편,개봉,한국,성인물(에로),한국,성인물(에로)
20248393,이승윤 콘서트 도킹 : 리프트오프,LEE SEUNG YOON CONCERT DOCKING : LIFTOFF,2024,20240322,장편,개봉,한국,공연,한국,공연
20249009,굶주린 과부 장모님의 한풀이 섹스,,2024,20240322,장편,개봉,한국,"성인물(에로),드라마",한국,성인물(에로)
20248474,각기 다른 세 자매의 맛,,2024,20240322,장편,개봉,한국,성인물(에로),한국,성인물(에로)
20247565,리볼버 릴리,Revolver Lily ,2023,20240321,장편,개봉,일본,액션,일본,액션
20247799,남의 섹스 보며 젖어버린 여직원,,2024,20240321,장편,개봉,한국,성인물(에로),한국,성인물(에로)
20225313,그날이 와버렸네,,2022,20240321,장편,개봉,한국,"드라마,코미디",한국,드라마
20247800,권태기 부부도 지려버린 본능적 섹스,,2024,20240321,장편,개봉,한국,성인물(에로),한국,성인물(에로)
20247053,메이 디셈버,May December,2023,20240313,장편,개봉,미국,드라마,미국,드라마
20235458,머릿속을,In the head,2023,20240124,장편,개봉,한국,"드라마,전쟁",한국,드라마
20234242,조용한 이주,The Quiet Migration,2023,20240320,장편,개봉,덴마크,드라마,덴마크,드라마
20247573,왓츠 러브,What's Love Got to Do with It?,2022,20240320,장편,개봉,영국,"멜로/로맨스,드라마,코미디",영국,멜로/로맨스
20248335,에픽하이 20 더 무비,EPIK HIGH 20 THE MOVIE,2024,20240320,장편,개봉,한국,공연,한국,공연
20248783,미래를 위해 쑤시는 시아버지,,2023,20240320,장편,개봉,일본,성인물(에로),일본,성인물(에로)
20236568,목스박,Holy Punch,2023,20240320,장편,개봉,한국,"액션,코미디",한국,액션
20248813,막힌 아래 뻥 뚫어주는 배관공 아저씨,,2023,20240320,장편,개봉,일본,성인물(에로),일본,성인물(에로)
20247962,나이트 스윔,NIGHT SWIM,2024,20240320,장편,개봉,미국,공포(호러),미국,공포(호러)
20236556,"주사위놀이, 마불 세계여행",,2023,20240103,장편,개봉,한국,어드벤처,한국,어드벤처
20234619,로봇 드림,Robot Dreams,2023,20240313,장편,개봉,"스페인,프랑스",애니메이션,스페인,애니메이션
20247680,원 앤 온리,One and Only,2023,20240313,장편,개봉,중국,드라마,중국,드라마
20247782,랜드 오브 배드,Land of Bad,2024,20240313,장편,개봉,미국,"액션,전쟁",미국,액션
20234034,공백,Intolerance,2021,20240316,장편,개봉,일본,드라마,일본,드라마
20235562,인어공주: 마법물약의 비밀,The Little Mermaid,2023,20240314,장편,개봉,미국,애니메이션,미국,애니메이션
20247798,외간 남자의 대물을 꿈꾸는 아내,,2024,20240314,장편,개봉,한국,성인물(에로),한국,성인물(에로)
20247789,무차별 삽입한 옆집 아줌마,,2024,20240314,장편,개봉,한국,성인물(에로),한국,성인물(에로)
20248713,나는 쏠려 마라맛,,2024,20240314,장편,개봉,한국,성인물(에로),한국,성인물(에로)
20236488,밥 말리: 원 러브,Bob Marley: One Love,2023,20240313,장편,개봉,미국,드라마,미국,드라마
20247198,마담 웹,Madame Web,2023,20240313,장편,개봉,미국,"액션,어드벤처,SF",미국,액션
20247593,용감한 돌고래 벨루와 바닷속 친구들,Katak: The Brave Beluga,2023,20240313,장편,개봉,캐나다,애니메이션,캐나다,애니메이션
20247195,레이징 그레이스,Raging Grace,2023,20240313,장편,개봉,영국,"스릴러,미스터리",영국,스릴러
20211477,데드맨,Dead Man,2023,20240207,장편,개봉,한국,범죄,한국,범죄
20247244,호빠 : 예쁜 언니들과 하드코어,,2023,20240208,장편,개봉,한국,멜로/로맨스,한국,멜로/로맨스
20247405,우리집에 이채담이 산다,,2023,20240308,장편,개봉,한국,"성인물(에로),드라마,멜로/로맨스",한국,성인물(에로)
20247801,아랫도리 세워준 유부녀 여직원,,2024,20240308,장편,개봉,한국,성인물(에로),한국,성인물(에로)
20247420,동갑내기 장모,,2023,20240308,장편,개봉,한국,"성인물(에로),드라마,멜로/로맨스",한국,성인물(에로)
20247792,의류 회사 여사장의 거래,,2024,20240308,장편,개봉,한국,성인물(에로),한국,성인물(에로)
20247219,사운드 오브 프리덤,Sound Of Freedom,2023,20240221,장편,개봉,미국,범죄,미국,범죄
20248361,형과 아내의 섹스기록-죽기 전 씨 뿌리고 가련다,GIKEINIYOWAMI,2023,20240307,장편,개봉,일본,"성인물(에로),드라마,멜로/로맨스",일본,성인물(에로)
20248360,젖은 계곡 헤집고 들어온 새아들,,2023,20240307,장편,개봉,일본,"성인물(에로),드라마,멜로/로맨스",일본,성인물(에로)
20247797,신음하는 육덕녀의 흐르는 액체,,2024,20240307,장편,개봉,한국,성인물(에로),한국,성인물(에로)
20234808,생츄어리 2 : 쿼카가 너무해,Daisy Quokka: World's Scariest Animal ,2020,20240307,장편,개봉,호주,"애니메이션,액션,어드벤처",호주,애니메이션
20235114,부활 그 소망,HOPE,2023,20240307,장편,개봉,한국,다큐멘터리,한국,다큐멘터리
20248359,누나 친구의 손기술-아!잇쿠!,DOUTEIDAXTUTAORE,2022,20240307,장편,개봉,일본,"성인물(에로),드라마,멜로/로맨스",일본,성인물(에로)
20247796,굶주린 오빠의 제물이 된 여동생,,2024,20240307,장편,개봉,한국,성인물(에로),한국,성인물(에로)
20248349,굵은 새아들 불빠따로 오늘밤 홈런,BUKATUNOHAHA,2023,20240307,장편,개봉,일본,"성인물(에로),드라마,멜로/로맨스",일본,성인물(에로)
20247304,"실화, 불륜에 빠진 이유",,2023,20240221,장편,개봉,한국,"성인물(에로),드라마",한국,성인물(에로)
20234641,극장판 츠루네: 시작의 한 발,Tsurune The Movie: The Starting Shot,2022,20240221,장편,개봉,일본,애니메이션,일본,애니메이션
20248356,젊은 새엄마-나이차도 안 나는데 뭐,BIJYUKUJYONONAKA-02,2022,20240306,장편,개봉,일본,"성인물(에로),드라마,멜로/로맨스",일본,성인물(에로)
20248344,유부녀 몸수발-맛있어 계속 찾네,KARADAWOSASAGERU,2022,20240306,장편,개봉,일본,"성인물(에로),드라마,멜로/로맨스",일본,성인물(에로)
20248331,시간 멈춰 단백질 몽땅 뽑아낸 간호사,JIKANTOMERUJIKARA-03,2022,20240306,장편,개봉,일본,"성인물(에로),드라마,멜로/로맨스",일본,성인물(에로)
20247810,벙커 게임,The Bunker Game,2022,20240306,장편,개봉,이탈리아,"공포(호러),스릴러",이탈리아,공포(호러)
20230614,대결! 애니메이션,ANIME SUPREMACY!,2022,20240306,장편,개봉,일본,드라마,일본,드라마
20248343,구멍관계-이모의 맛,IYARASIONNAGAIRUIE,2022,20240306,장편,개봉,일본,"성인물(에로),드라마,멜로/로맨스",일본,성인물(에로)
20247451,오키쿠와 세계,Okiku and the World,2023,20240221,장편,개봉,일본,드라마,일본,드라마
20247806,콜로니얼,Colonials,2023,20240229,장편,개봉,미국,"SF,액션",미국,SF
20247870,너무 예뻐진 친구 여동생의 유혹,,2023,20240228,장편,개봉,한국,성인물(에로),한국,성인물(에로)
20247871,순진한 그녀의 첫 경험,,2023,20240227,장편,개봉,한국,성인물(에로),한국,성인물(에로)
20247814,엄친아 : 저 이제 아줌마 없이 못살아요,EPURONDEIWAKU,2022,20240227,장편,개봉,일본,"멜로/로맨스,드라마",일본,멜로/로맨스
20247384,지성：일본 여자가 더 맛있다,,2023,20240223,장편,개봉,한국,멜로/로맨스,한국,멜로/로맨스
20248357,임신한 아내 대신 옆집 유부녀가 물 빼줬다,WAKAN OKASARETATUMA-08,2022,20240305,장편,개봉,일본,"성인물(에로),드라마,멜로/로맨스",일본,성인물(에로)
20248345,유부녀의 맛,DOTUZENNO DOUKYO,2022,20240305,장편,개봉,일본,"성인물(에로),드라마,멜로/로맨스",일본,성인물(에로)
20248355,옆집여자는 취하면 찾아와 팬티를 내린다,TADAIMA-01,2022,20240305,장편,개봉,일본,"성인물(에로),드라마,멜로/로맨스",일본,성인물(에로)
20248471,대물 입사동기와 음란한 창고 야근 ,,2023,20240305,장편,개봉,일본,성인물(에로),일본,성인물(에로)
20248483,꽁떡 쿠폰서비스 받는 변태손님,,2023,20240305,장편,개봉,일본,성인물(에로),일본,성인물(에로)
20248358,과장님 아내의 속사정,SURIRUKEXTUKON,2022,20240305,장편,개봉,일본,"성인물(에로),드라마,멜로/로맨스",일본,성인물(에로)
20247309,처음부터 밀고 들어온 아저씨 대물,,2023,20240222,장편,개봉,한국,성인물(에로),한국,성인물(에로)
20247695,조폭인 내가 고등학생이 되었습니다,High School Return Of A Gangster,2024,20240222,장편,개봉,한국,"판타지,드라마",한국,판타지
20247316,여대생 답지 않은 테크닉의 마사지녀,,2023,20240222,장편,개봉,한국,성인물(에로),한국,성인물(에로)
20236794,킹 VS. 머신킹,Ape vs. Mecha Ape,2023,20240215,장편,개봉,미국,"액션,SF,판타지",미국,액션
20229301,2대1 나눠먹기 무삭제,,2022,20240202,장편,개봉,한국,성인물(에로),한국,성인물(에로)
20248330,크게 잘 세워버린 새엄마,,2022,20240304,장편,개봉,일본,"성인물(에로),드라마,멜로/로맨스",일본,성인물(에로)
20248332,오늘도 여사장은 올라탄다-단백질 많이 채워뒀지?,IYARASIONNASYATYOU,2023,20240304,장편,개봉,일본,"성인물(에로),드라마,멜로/로맨스",일본,성인물(에로)
20248329,옆집여자의 약점을 잡았다-물 빼주면 되죠?,,2022,20240304,장편,개봉,일본,"성인물(에로),드라마,멜로/로맨스",일본,성인물(에로)
20248328,사모님 봇물 터졌네-부장님이 허락했어요,,2022,20240304,장편,개봉,일본,"성인물(에로),드라마,멜로/로맨스",일본,성인물(에로)
20247201,장모님의 신음소리,,2023,20240301,장편,개봉,한국,성인물(에로),한국,성인물(에로)
20247790,연하남과 불륜을 하고 싶은 아줌마,,2024,20240301,장편,개봉,한국,성인물(에로),한국,성인물(에로)
20247473,아이엠 티라노,The Tyrannosaurus Rex,2022,20240301,장편,개봉,중국,애니메이션,중국,애니메이션
20247200,시아버지의 앓는 소리,,2023,20240301,장편,개봉,한국,성인물(에로),한국,성인물(에로)
20247547,극장판 후르츠 바스켓: 프렐류드,,2022,20240301,장편,개봉,일본,애니메이션,일본,애니메이션
20247791,건방지고 끈적한 육덕 유부녀,,2024,20240301,장편,개봉,한국,성인물(에로),한국,성인물(에로)
20247227,우견니,Almost Love,2022,20240214,장편,개봉,중국,멜로/로맨스,중국,멜로/로맨스
20247788,짐승남에게 농락 당한 자매,,2024,20240229,장편,개봉,한국,성인물(에로),한국,성인물(에로)
20247794,이웃집 아줌마를 위로하는 대물 꽃미남,,2024,20240229,장편,개봉,한국,성인물(에로),한국,성인물(에로)
20248054,얌전한 와이프 : 색녀의 복수,,2024,20240229,장편,개봉,한국,"드라마,성인물(에로)",한국,드라마
20247705,우주전함 야마토,Space Battleship Yamato,2010,20240223,장편,개봉,일본,"SF,액션",일본,SF
20247013,초거유 새엄마와 열탕정사,,2023,20240219,장편,개봉,일본,성인물(에로),일본,성인물(에로)
20247243,처제와 2대1,,2023,20240218,장편,개봉,한국,멜로/로맨스,한국,멜로/로맨스
20235642,2대1 여친 팔아먹기 2,,2023,20240217,장편,개봉,한국,,한국,
20246992,치한새엄마와 폭풍정사,,2023,20240216,장편,개봉,일본,성인물(에로),일본,성인물(에로)
20236757,은근슬젖 동료와이프,,2023,20240216,장편,개봉,한국,성인물(에로),한국,성인물(에로)
20231941,아내의 직업 2: 텐프로,,2022,20240216,장편,개봉,한국,성인물(에로),한국,성인물(에로)
20247605,매장 아가씨 손님 따먹기,Attractive Apparel Shop,2022,20240215,장편,개봉,일본,성인물(에로),일본,성인물(에로)
20247699,대리 배달녀,,2024,20240207,장편,개봉,한국,성인물(에로),한국,성인물(에로)
20247242,집 나간 남편대신 시아버지,,2023,20240204,장편,개봉,한국,멜로/로맨스,한국,멜로/로맨스
20236416,쾌락 빠진 유부녀 무삭제판,,2022,20240202,장편,개봉,일본,멜로/로맨스,일본,멜로/로맨스
20236454,존예 며느리의 신음소리,,2023,20240202,장편,개봉,한국,성인물(에로),한국,성인물(에로)
20247295,나를 채운 그녀,,2023,20240202,장편,개봉,일본,성인물(에로),일본,성인물(에로)
20235936,형수와는 괜찮아,,2023,20240110,장편,개봉,일본,멜로/로맨스,일본,멜로/로맨스
20247373,여기는 아미코,Amiko,2022,20240228,장편,개봉,일본,"가족,드라마",일본,가족
20236295,듄: 파트2,Dune: Part Two,2024,20240228,장편,개봉,미국,액션,미국,액션
20235644,출장도우미와 2대1,,2023,20240121,장편,개봉,한국,,한국,
20233572,흠뻑채운 젖은 속살 무삭제판,,2023,20240110,장편,개봉,일본,멜로/로맨스,일본,멜로/로맨스
20235514,형수는 섹스를 배운다,,2023,20240110,장편,개봉,일본,멜로/로맨스,일본,멜로/로맨스
20235039,형 와이프의 젖은 손길 무삭제판,,2022,20240110,장편,개봉,일본,멜로/로맨스,일본,멜로/로맨스
20233456,탐욕에 젖은 섹스 무삭제판,,2023,20240110,장편,개봉,일본,멜로/로맨스,일본,멜로/로맨스
20233455,탐욕스런 동침 무삭제판,,2023,20240110,장편,개봉,일본,멜로/로맨스,일본,멜로/로맨스
20235040,상사의 음란 아내,,2023,20240110,장편,개봉,일본,멜로/로맨스,일본,멜로/로맨스
20235053,몰래하는 와이프,,2023,20240110,장편,개봉,일본,멜로/로맨스,일본,멜로/로맨스
20235031,몰래 들어온 유부녀,,2023,20240110,장편,개봉,일본,멜로/로맨스,일본,멜로/로맨스
20233576,잘 빠는 여자,,2023,20240116,장편,개봉,한국,,한국,
20235641,맛 ： 2대1,,2023,20240116,장편,개봉,한국,,한국,
20233454,타락한 유부녀의 유혹 무삭제판,,2023,20240110,장편,개봉,일본,멜로/로맨스,일본,멜로/로맨스
20232157,젖어버린 속살 무삭제판,,2022,20240110,장편,개봉,일본,"성인물(에로),멜로/로맨스",일본,성인물(에로)
20235496,적극적인 조카의 몸,,2023,20240110,장편,개봉,일본,멜로/로맨스,일본,멜로/로맨스
20233437,유부녀의 욕망 속살 무삭제판,,2023,20240110,장편,개봉,일본,멜로/로맨스,일본,멜로/로맨스
20233221,유부녀의 비밀스런 사정 무삭제판,,2023,20240110,장편,개봉,일본,멜로/로맨스,일본,멜로/로맨스
20232950,옆집 유부녀의 속사정 무삭제판,,2023,20240110,장편,개봉,일본,멜로/로맨스,일본,멜로/로맨스
20232924,아버님이 채운 유부녀 무삭제판,,2023,20240110,장편,개봉,일본,멜로/로맨스,일본,멜로/로맨스
20235035,남편 몰래온 도련님,,2023,20240110,장편,개봉,일본,멜로/로맨스,일본,멜로/로맨스
20235626,엄마 친구들 4,,2023,20240106,장편,개봉,한국,기타,한국,기타
20236073,관능 육체 부녀회장의 동정교육,,,20240103,장편,개봉,한국,,한국,
20247813,술 마시고 오늘은 꼭 싸는거야,BIJYUKUJYOPABU MAKI,2022,20240227,장편,개봉,일본,"멜로/로맨스,드라마",일본,멜로/로맨스
20247807,며늘아 그동안 많이 쌓였구나,NINSINSITEMOYOI,2022,20240227,장편,개봉,일본,"멜로/로맨스,드라마",일본,멜로/로맨스
20247808,거유 오피스 : 선배님 저랑 해주세요,IKAREMAKURUJYOSI,2022,20240227,장편,개봉,일본,"멜로/로맨스,드라마",일본,멜로/로맨스
20248102,나는 쏠려 노 맛,,2024,20240223,장편,개봉,한국,성인물(에로),한국,성인물(에로)
20246966,아기상어 극장판: 사이렌 스톤의 비밀,Baby Shark’s Big Movie,2023,20240207,장편,개봉,미국,애니메이션,미국,애니메이션
20247550,유어 럭키 데이,YOUR LUCKY DAY,2023,20240222,장편,개봉,미국,"액션,스릴러",미국,액션
20247444,월레스와 그로밋 더 클래식 컬렉션,Wallace & Gromit The Classic Collection,2024,20240221,장편,개봉,영국,애니메이션,영국,애니메이션
20247311,애프터: 유혹의 끝,After Everything,2023,20240221,장편,개봉,미국,멜로/로맨스,미국,멜로/로맨스
20211547,서바이벌 택틱스,Survival Tactics,2021,20240221,장편,개봉,한국,드라마,한국,드라마
20211548,벗어날 탈 脫,Not One and Not Two,2024,20240221,장편,개봉,한국,미스터리,한국,미스터리
20210707,K스쿨,K-School,2022,20240221,장편,개봉,한국,"드라마,뮤지컬",한국,드라마
20247238,여직원과 야근하다 한 떡,,2023,20240131,장편,개봉,한국,성인물(에로),한국,성인물(에로)
20247223,그녀들이 치료해주는 발기부전,,2023,20240130,장편,개봉,한국,성인물(에로),한국,성인물(에로)
20247217,숙모 삼촌한테는 비밀이야,TATANAIDANNA,2022,20240130,장편,개봉,일본,"멜로/로맨스,드라마",일본,멜로/로맨스
20247026,MBTI E 정열섹스녀연주의첫경험,,2023,20240129,장편,개봉,한국,성인물(에로),한국,성인물(에로)
20247174,친구부부 맞교환 후기,,2023,20240124,장편,개봉,한국,"드라마,성인물(에로)",한국,드라마
20247254,젖 큰 며느리,,2023,20240124,장편,개봉,한국,성인물(에로),한국,성인물(에로)
20247173,3대1은 처음이지? 2,,2023,20240119,장편,개봉,한국,성인물(에로),한국,성인물(에로)
20236453,교잡: 다리풀린 사쿠라부인,,2023,20240119,장편,개봉,한국,성인물(에로),한국,성인물(에로)
2023C791,서치: 데스게임,#BLUE_WHALE,2021,20240118,장편,개봉,러시아,스릴러,러시아,스릴러
20236718,숙녀전문 소프에서 만난 장모님,,2023,20240116,장편,개봉,일본,성인물(에로),일본,성인물(에로)
20236719,나를 유혹해 노리개로 만든 엄마친구,,2023,20240116,장편,개봉,일본,성인물(에로),일본,성인물(에로)
20246995,길들여진 새댁의 무릎사이,A Wife in Debt by Her Husband,2022,20240116,장편,개봉,일본,"멜로/로맨스,성인물(에로)",일본,멜로/로맨스
20233238,욕정채운 쇼핑 무삭제판,,2023,20240110,장편,개봉,일본,멜로/로맨스,일본,멜로/로맨스
20235174,아주버님을 맛본 아내 무삭제판,,2023,20240110,장편,개봉,일본,멜로/로맨스,일본,멜로/로맨스
20232906,쉽게 열린 가랑이 무삭제판,,2023,20240110,장편,개봉,일본,멜로/로맨스,일본,멜로/로맨스
20235057,몸으로 받은 택배,,2023,20240110,장편,개봉,일본,멜로/로맨스,일본,멜로/로맨스
20236797,구멍 속 따뜻한 그녀 무삭제판,,2023,20240110,장편,개봉,일본,성인물(에로),일본,성인물(에로)
20246991,골프연습생 돌려먹기,,2023,20240110,장편,개봉,한국,성인물(에로),한국,성인물(에로)
20235560,내겐 너무 젊은 장모,,2023,20240105,장편,개봉,한국,성인물(에로),한국,성인물(에로)
20236418,출장 간호사의 특별한서비스,,,20240103,장편,개봉,한국,기타,한국,기타
20236269,젖큰자매의맛-무삭제,,2023,20240102,장편,개봉,한국,성인물(에로),한국,성인물(에로)
20247356,나는 쏠려 존 맛,,2024,20240126,장편,개봉,한국,성인물(에로),한국,성인물(에로)
20247545,흠뻑 젖은 육덕 AV배우,,2023,20240220,장편,개봉,일본,성인물(에로),일본,성인물(에로)
20247439,흑인과하고싶은섹시한지원-무삭제,,2023,20240220,장편,개봉,한국,성인물(에로),한국,성인물(에로)
20247836,섹스에 미친 환자에게 넣는 대물 정신과의사,,2023,20240220,장편,개봉,일본,성인물(에로),일본,성인물(에로)
20246989,스노우 퍼핀즈,Johnny Puff: Secret Mission,2023,20240215,장편,개봉,스페인,애니메이션,스페인,애니메이션
20247229,"타르콥스키, 기도하는 영혼",Andery Tarkovsky. A Cinema Prayer,2019,20240131,장편,개봉,이탈리아,다큐멘터리,이탈리아,다큐멘터리
20246964,정글번치: 월드투어,The Jungle Bunch 2: World Tour,2023,20240131,장편,개봉,프랑스,애니메이션,프랑스,애니메이션
20236464,도그맨,DOGMAN,2023,20240124,장편,개봉,프랑스,드라마,프랑스,드라마
20246993,극장판 오드 택시 인 더 우즈,ODDTAXI in the Woods,2022,20240216,장편,개봉,일본,애니메이션,일본,애니메이션
20247315,회식 후 취해 쓰러진 육덕진 아내,,2023,20240215,장편,개봉,한국,성인물(에로),한국,성인물(에로)
20247596,의붓아들에게 수컷의 향기가 난다,IJYOUSEIAI,2022,20240215,장편,개봉,일본,"멜로/로맨스,드라마",일본,멜로/로맨스
20247314,아파도 대물이 좋은 사모님,,2023,20240215,장편,개봉,한국,성인물(에로),한국,성인물(에로)
20247595,씨받고 싶은 사모님의 질 좋은 구멍,WAKAIOTOKOTO OBATYAN,2020,20240215,장편,개봉,일본,"멜로/로맨스,드라마",일본,멜로/로맨스
20247158,에스파: 마이 퍼스트 페이지,aespa: MY First page,2024,20240214,장편,개봉,한국,"공연,다큐멘터리",한국,공연
20247436,대니초 : 코리안 드림,Danny Cho : KOREAN DREAM,2023,20240214,장편,개봉,한국,공연,한국,공연
20247076,"귀멸의 칼날: 인연의 기적, 그리고 합동 강화 훈련으로",Demon Slayer: Kimetsu no Yaiba To The Hashira Training,2023,20240214,장편,개봉,일본,애니메이션,일본,애니메이션
20247027,조건섹스:라스트 원나잇,,2023,20240209,장편,개봉,한국,"성인물(에로),드라마,멜로/로맨스",한국,성인물(에로)
20247319,야한 그녀의 리얼 사생활,,2023,20240209,장편,개봉,한국,성인물(에로),한국,성인물(에로)
20247073,동갑내기 이모,,2023,20240209,장편,개봉,한국,"성인물(에로),드라마,멜로/로맨스",한국,성인물(에로)
20247318,날 것으로 맛보는 그녀의 성생활,,2023,20240209,장편,개봉,한국,성인물(에로),한국,성인물(에로)
20228972,특수요원S,Action,2019,20240206,장편,개봉,인도,액션,인도,액션
20247307,이혼한 엄마의 성욕,,2023,20240208,장편,개봉,한국,성인물(에로),한국,성인물(에로)
20247308,신음하는 그녀의 사정,,2023,20240208,장편,개봉,한국,성인물(에로),한국,성인물(에로)
20235904,플랜 75,Plan 75,2022,20240207,장편,개봉,일본,드라마,일본,드라마
20235910,영화 스미코구라시 - 푸른 달밤의 마법의 아이,Sumikkogurashi: The Little Wizard in the Blue Moonlight,2019,20240207,장편,개봉,일본,애니메이션,일본,애니메이션
20226638,아네모네,Anemone: A Fairy Tale for No Kids,2022,20240207,장편,개봉,한국,"코미디,드라마,액션",한국,코미디
20234581,아가일,Argylle,2023,20240207,장편,개봉,미국,"액션,코미디",미국,액션
20236701,썬 오브 람세스,Sons of Ramses,2022,20240207,장편,개봉,프랑스,"스릴러,드라마,범죄",프랑스,스릴러
20247514,블랙 로터스,Black Louts,2023,20240207,장편,개봉,미국,액션,미국,액션
20236180,웡카,Wonka,2023,20240131,장편,개봉,미국,"판타지,드라마",미국,판타지
20234730,추락의 해부,Anatomy of a Fall,2023,20240131,장편,개봉,프랑스,"드라마,스릴러",프랑스,드라마
20247535,욕구 불만족 중년의 더러운 섹스,,2023,20240206,장편,개봉,일본,성인물(에로),일본,성인물(에로)
20247544,몸굴리는 생계 자매,,2023,20240206,장편,개봉,일본,성인물(에로),일본,성인물(에로)
20247406,빚 독촉에 뒷문 열어준 유부녀,OXTUTONI URAGIRARETA,2022,20240205,장편,개봉,일본,"성인물(에로),드라마,멜로/로맨스",일본,성인물(에로)
20247443,발정난 새엄마가 날 세워버렸다,SUKESUKE-01,2022,20240205,장편,개봉,일본,"성인물(에로),드라마,멜로/로맨스",일본,성인물(에로)
20247407,돈 훔치다 걸리니 즙 짜준 알바녀,BATOSAKIDE,2022,20240205,장편,개봉,일본,"성인물(에로),드라마,멜로/로맨스",일본,성인물(에로)
20247421,구멍 하나 버섯 둘,IINARIKATEIHU-02,2022,20240205,장편,개봉,일본,"성인물(에로),드라마,멜로/로맨스",일본,성인물(에로)
20247422,호기심에 꽉 물어버린 새엄마,BIJYUKUJYONONAKA-01,2022,20240203,장편,개봉,일본,"성인물(에로),드라마,멜로/로맨스",일본,성인물(에로)
20247424,집주인 버섯 맛에 길들여진 가사도우미,YATOINUSIN,2022,20240203,장편,개봉,일본,"성인물(에로),드라마,멜로/로맨스",일본,성인물(에로)
20247423,아내의 몸테크-육체봉사 가정부,HOUDAIASOBU,2022,20240203,장편,개봉,일본,"성인물(에로),드라마,멜로/로맨스",일본,성인물(에로)
20247408,구멍공유-새엄마와 두 아들,KYONYUTUMANONETUPAI,2022,20240203,장편,개봉,일본,"성인물(에로),드라마,멜로/로맨스",일본,성인물(에로)
20236567,쫙~벌린 바까스 아줌마,,2023,20240202,장편,개봉,한국,성인물(에로),한국,성인물(에로)
20247310,조련시켜주는 선배님,,2023,20240202,장편,개봉,한국,성인물(에로),한국,성인물(에로)
20236327,자매님의 떡 전도,,2023,20240202,장편,개봉,한국,성인물(에로),한국,성인물(에로)
20247433,옆집 유부녀에게 정기 다 털린 썰,BODEKONGYARU,2022,20240202,장편,개봉,일본,"성인물(에로),드라마,멜로/로맨스",일본,성인물(에로)
20247434,아빠가 출장가면 난 새엄마의 남편이 된다,NAMAKYARAMERU,2022,20240202,장편,개봉,일본,"성인물(에로),드라마,멜로/로맨스",일본,성인물(에로)
20247426,불임치료-정자가 필요해,HUNINNTIRYOU-02,2022,20240202,장편,개봉,일본,"성인물(에로),드라마,멜로/로맨스",일본,성인물(에로)
20247409,말 할 수 없는 비밀-날 세워준 새엄마,MUSUKONOKAERIWOMATU,2022,20240202,장편,개봉,일본,"성인물(에로),드라마,멜로/로맨스",일본,성인물(에로)
20247317,뜨겁게 달아오른 누나의 유혹,,2023,20240202,장편,개봉,한국,성인물(에로),한국,성인물(에로)
20247383,청춘 돼지는 책가방 소녀의 꿈을 꾸지 않는다,Rascal Does Not Dream of a Knapsack Kid,2023,20240201,장편,개봉,일본,애니메이션,일본,애니메이션
20247306,청소 아줌마가 좋아죽는 대물맛,,2023,20240201,장편,개봉,한국,성인물(에로),한국,성인물(에로)
20247305,자연산 거유 출렁이는 여직원,,2023,20240201,장편,개봉,한국,성인물(에로),한국,성인물(에로)
20247074,건국전쟁,The Birth of Korea,2023,20240201,장편,개봉,한국,다큐멘터리,한국,다큐멘터리
20234807,두 세계 사이에서,Between Two Worlds,2020,20240131,장편,개봉,프랑스,드라마,프랑스,드라마
20247410,탐나는 부하직원의 아내-남편을 위해 벌려라,JYOUSITBUKANOTUMA-14,2022,20240131,장편,개봉,일본,"멜로/로맨스,드라마",일본,멜로/로맨스
20247427,크레센도 반 클라이번 콩쿠르 실황,Crescendo Live from the Cliburn,2023,20240131,장편,개봉,미국,"공연,다큐멘터리",미국,공연
20247411,젖은 과외쌤-비에 젖은 K컵은 못참지,TUBUNURE,2022,20240131,장편,개봉,일본,"성인물(에로),드라마,멜로/로맨스",일본,성인물(에로)
20236694,아톰 새로운 시작,Astro Boy,2009,20240131,장편,개봉,미국,애니메이션,미국,애니메이션
20120920,아녜스 V에 의한 제인 B,Jane B. for Agnes V.,1988,20240131,장편,개봉,프랑스,판타지,프랑스,판타지
20247412,새엄마의 립서비스-남편 몰래 매일 세웠다,HIKIKOMORI,2022,20240131,장편,개봉,일본,"성인물(에로),드라마,멜로/로맨스",일본,성인물(에로)
20247425,새엄마가 뒷문을 열어줬다,GUBUNIDAKARETAWATASI-04,2022,20240131,장편,개봉,일본,"성인물(에로),드라마,멜로/로맨스",일본,성인물(에로)
20236776,비욘드 유토피아,Beyond Utopia,2023,20240131,장편,개봉,미국,다큐멘터리,미국,다큐멘터리
20236933,봉신연의: 조가풍운,Creation Of The Gods I: Kingdom Of Strom,2023,20240124,장편,개봉,중국,"전쟁,판타지,액션",중국,전쟁
20236557,스즈메의 문단속: 다녀왔어,Suzume,2022,20240110,장편,개봉,일본,애니메이션,일본,애니메이션
20236533,립세의 사계,The Peasants,2023,20240110,장편,개봉,폴란드,애니메이션,폴란드,애니메이션
20236890,클럽 제로,Club Zero,2023,20240124,장편,개봉,"오스트리아 ,영국","미스터리,스릴러",오스트리아 ,미스터리
20246960,결혼 전 뚫려버린 순결,,2023,20240126,장편,개봉,한국,성인물(에로),한국,성인물(에로)
20246959,명탐정 추태에 빠져버린 처자,,2023,20240126,장편,개봉,한국,성인물(에로),한국,성인물(에로)
20247218,제수씨 내 마누라가 되어줘,SEISYORIBEXTUTO,2022,20240130,장편,개봉,일본,"멜로/로맨스,드라마",일본,멜로/로맨스
20247197,쉿! 장모님 아내에게는 비밀이에요,YOMENOHAHAOYA-02,2022,20240130,장편,개봉,일본,"멜로/로맨스,드라마",일본,멜로/로맨스
20247216,어느날 남편의 상사가 들어왔다,BUKANITYOUKYOYSARETE KAIRAKU-02,2021,20240130,장편,개봉,일본,"멜로/로맨스,드라마",일본,멜로/로맨스
20236751,근육 대물에 미치는 여직원,,2023,20240125,장편,개봉,한국,성인물(에로),한국,성인물(에로)
20236766,공부하다 자위하는 여동생,,2023,20240125,장편,개봉,한국,성인물(에로),한국,성인물(에로)
20247225,회사 일등 여사원에게 물리는 특급 대물,,2023,20240124,장편,개봉,일본,성인물(에로),일본,성인물(에로)
20247226,여기저기 다주고 다닌 오피스 와이프,,2023,20240124,장편,개봉,일본,성인물(에로),일본,성인물(에로)
20247230,시아버지와 먼저한 업소출신 며느리,,2023,20240123,장편,개봉,일본,성인물(에로),일본,성인물(에로)
20247253,성욕만땅 개족보 가족,,2023,20240123,장편,개봉,일본,성인물(에로),일본,성인물(에로)
20246986,아내를 위한 선물,,2023,20240119,장편,개봉,한국,"성인물(에로),드라마",한국,성인물(에로)
20224367,일 부코,Il buco,2021,20240124,장편,개봉,"이탈리아,독일,프랑스",드라마,이탈리아,드라마
20227570,울산의 별,Star of Ulsan,2022,20240124,장편,개봉,한국,드라마,한국,드라마
20235933,영화 스미코구라시 - 튀어나오는 그림책과 비밀의 아이,Sumikkogurashi: The Unexpected Picture Book and the Secret Child,2019,20240124,장편,개봉,일본,애니메이션,일본,애니메이션
20236759,소녀는 졸업하지 않는다,"Sayonara, Girls",2023,20240124,장편,개봉,일본,멜로/로맨스,일본,멜로/로맨스
20235733,레트리뷰션,RETRIBUTION,2023,20240124,장편,개봉,미국,"액션,스릴러",미국,액션
20235854,덤 머니,Dumb Money,2023,20240117,장편,개봉,미국,"코미디,드라마",미국,코미디
20235907,하숙생 : 위험한 동거,,2023,20240112,장편,개봉,한국,"멜로/로맨스,드라마,성인물(에로)",한국,멜로/로맨스
20236737,여비서의 목적,,2023,20240112,장편,개봉,한국,성인물(에로),한국,성인물(에로)
20236739,대담하게 섹스해 주는 친구 여친,,2023,20240112,장편,개봉,한국,성인물(에로),한국,성인물(에로)
20236328,그녀의 취향,,2023,20240112,장편,개봉,한국,"성인물(에로),드라마,멜로/로맨스",한국,성인물(에로)
20236902,어서와 장모는 처음이지,YOMENOHAHAOYA-01,2022,20240111,장편,개봉,일본,"멜로/로맨스,드라마",일본,멜로/로맨스
20236903,내 아내는 내조왕 : 남편 몰래 섹스 내조,SYUJINWOKUBINISINAIDE,2022,20240111,장편,개봉,일본,"멜로/로맨스,드라마",일본,멜로/로맨스
20246990,흠뻑 젖은 장모님과 대리섹스,,2022,20240109,장편,개봉,일본,성인물(에로),일본,성인물(에로)
20236625,헤픈 새엄마 물찬 새아들,KIREINAKYOSI,2022,20240109,장편,개봉,일본,"성인물(에로),드라마,멜로/로맨스",일본,성인물(에로)
20246996,젖은 아랫도리 엘리트 하녀,,2023,20240109,장편,개봉,일본,성인물(에로),일본,성인물(에로)
20236644,욕정 여상사의 회사생활,SEIYOKUSYORI,2022,20240109,장편,개봉,일본,"성인물(에로),드라마,멜로/로맨스",일본,성인물(에로)
20236643,동창회의 목적-화장실에 퍼진 아내의 신음소리,DOUSOUKAINOATOWOTUKU,2022,20240109,장편,개봉,일본,"성인물(에로),드라마,멜로/로맨스",일본,성인물(에로)
20246998,대물 사위 밝히는 장모의 금지된 사랑,,2023,20240109,장편,개봉,한국,성인물(에로),한국,성인물(에로)
20236626,남성전용 비뇨기과-참 잘 세우네,SEIKANKURINIXTUKU,2022,20240109,장편,개봉,일본,"성인물(에로),드라마,멜로/로맨스",일본,성인물(에로)
20236940,남사친과 유부녀의 정사-무삭제,,2023,20240109,장편,개봉,한국,,한국,
20246997,남근 너무 밝히는 장모,,2023,20240109,장편,개봉,한국,성인물(에로),한국,성인물(에로)
20236640,마사지사의 질좋은 허리돌림,PUREMIAMUKOSU,2022,20240108,장편,개봉,일본,"성인물(에로),드라마,멜로/로맨스",일본,성인물(에로)
20236639,남편 옆에서 사장님 씨를 잔뜩 품었다,TIKANNIKURUXTUTATUMA-07,2022,20240108,장편,개봉,일본,"성인물(에로),드라마,멜로/로맨스",일본,성인물(에로)
20236736,변태적인 남자에게 길들여지는 여자들,,2023,20240105,장편,개봉,한국,성인물(에로),한국,성인물(에로)
20236735,변태 성욕에 마구 흥분한 그녀,,2023,20240105,장편,개봉,한국,성인물(에로),한국,성인물(에로)
20236642,매일 새아들을 세우고 있어요,GUBUNIDAKARETAWATASI-03,2022,20240104,장편,개봉,일본,"성인물(에로),드라마,멜로/로맨스",일본,성인물(에로)
20236624,끝까지 세운다 오늘 꼭 싸는거야,DANSEISENMON,2022,20240104,장편,개봉,일본,"성인물(에로),드라마,멜로/로맨스",일본,성인물(에로)
20236638,허니문 먹고 하고 싸고,TANOSIMU-02,2022,20240103,장편,개봉,일본,"성인물(에로),멜로/로맨스,드라마",일본,성인물(에로)
20236623,처형:우리 제부 해보고 싶은거 다 해,TUMANOIMOOTOHAKIREI,2022,20240103,장편,개봉,일본,"성인물(에로),드라마,멜로/로맨스",일본,성인물(에로)
20236622,옆집 영계냄새에 발딱 선 내 아내,KINNPATUGYARU,2022,20240103,장편,개봉,일본,"성인물(에로),드라마,멜로/로맨스",일본,성인물(에로)
20236641,수컷냄새만 나면 발딱 서버려요,DOROIPANTIRA-02,2022,20240103,장편,개봉,일본,"성인물(에로),드라마,멜로/로맨스",일본,성인물(에로)
20236693,파라다이스 시티,Paradise city,2022,20240118,장편,개봉,캐나다,"액션,스릴러",캐나다,액션
20236749,성욕 터지는 불륜 아줌마,,2023,20240118,장편,개봉,한국,성인물(에로),한국,성인물(에로)
20236750,1+1 맛 좋은 골뱅이,,2023,20240118,장편,개봉,한국,성인물(에로),한국,성인물(에로)
20236715,킹덤 3: 운명의 불꽃,,2023,20240117,장편,개봉,일본,"액션,전쟁",일본,액션
20124315,엔드 오브 에반게리온,The End Of Evangelion,1997,20240117,장편,개봉,일본,애니메이션,일본,애니메이션
20236706,무티: 주술살인,The Ritual Killer,2023,20240117,장편,개봉,미국,"범죄,스릴러,미스터리",미국,범죄
20235073,라이즈,Rise,2022,20240117,장편,개봉,"프랑스,벨기에","드라마,코미디",프랑스,드라마
20247097,도넘은 불장난 그녀의 이중생활,,2023,20240117,장편,개봉,한국,성인물(에로),한국,성인물(에로)
20236563,걸즈 앤 판처 최종장 제4화,GIRLS und PANZER das FINALE: Part IV,2023,20240117,장편,개봉,일본,애니메이션,일본,애니메이션
20247098,거르고 보는 헐렁한 동거경험녀,,2023,20240117,장편,개봉,한국,성인물(에로),한국,성인물(에로)
20236433,사랑하는 기생충,Parasite in Love,2021,20240116,장편,개봉,일본,드라마,일본,드라마
20236748,찾아가서 삽입시켜 드립니다,,2023,20240111,장편,개봉,한국,성인물(에로),한국,성인물(에로)
20236657,아마존: 더 비기닝,BEZOS,2023,20240111,장편,개봉,미국,드라마,미국,드라마
20236747,불륜 섹스에 진심인 아줌마,,2023,20240111,장편,개봉,한국,성인물(에로),한국,성인물(에로)
20209574,히즈,his,2020,20240110,장편,개봉,일본,드라마,일본,드라마
20236907,지오디 마스터피스 더 무비,god`s MASTERPIECE the Movie,2023,20240110,장편,개봉,한국,공연,한국,공연
20235583,인투 더 월드,Migration,2023,20240110,장편,개봉,미국,애니메이션,미국,애니메이션
20236014,메이킹 다큐멘터리 `스즈메의 문단속`을 따라가다,"Making Documentary of ""Suzume""",2023,20240110,장편,개봉,일본,다큐멘터리,일본,다큐멘터리
20236108,노 베어스,No Bears,2022,20240110,장편,개봉,이란,드라마,이란,드라마
20235834,위시,WISH,2023,20240103,장편,개봉,미국,애니메이션,미국,애니메이션
20236773,즙 잘 뽑는 가정부,EROSUGIOKYAKUSAN,2022,20240108,장편,개봉,일본,"성인물(에로),드라마,멜로/로맨스",일본,성인물(에로)
20236769,새아들 정력 미쳤다,KYOUIKUMAMANOURA,2022,20240108,장편,개봉,일본,"성인물(에로),드라마,멜로/로맨스",일본,성인물(에로)
20235585,준다면 먹고 보자,,2023,20240105,장편,개봉,한국,성인물(에로),한국,성인물(에로)
20236178,인생 뭐 있어 넣자 넣자,,2023,20240105,장편,개봉,한국,성인물(에로),한국,성인물(에로)
20236768,시간 멈춰 단백질 뽑아대는 아오이,JIKANTOMERUJIKARA-01,2022,20240104,장편,개봉,일본,"성인물(에로),드라마,멜로/로맨스",일본,성인물(에로)
20236765,딱딱하게 세워주는 여자 선생님,,2023,20240104,장편,개봉,한국,성인물(에로),한국,성인물(에로)
20236752,내 아내 맛이 어때,TUYOITUMANOSEIYOKU,2022,20240104,장편,개봉,일본,"성인물(에로),드라마,멜로/로맨스",일본,성인물(에로)
20236764,거유녀의 사생활,,2023,20240104,장편,개봉,한국,성인물(에로),한국,성인물(에로)
20236895,흥건한 며느리와 대물 시아버지,,2023,20240103,장편,개봉,한국,성인물(에로),한국,성인물(에로)
20235924,클레오의 세계,Ama Gloria,2023,20240103,장편,개봉,프랑스,드라마,프랑스,드라마
20236896,장모의 혀놀림에 정신 못차리는 사위,,2023,20240103,장편,개봉,한국,성인물(에로),한국,성인물(에로)
20230984,간신의 피,The Blood of Desire,2023,20240103,장편,개봉,한국,액션,한국,액션
20214842,"그리고, 살아간다",And Life Goes On,2019,20240101,장편,개봉,일본,"드라마,가족,멜로/로맨스",일본,드라마
